entreprise,poste,desc,lieu,depuis,sponso,url
Burger King,Crew,"Vous participez activement au bon déroulement du restaurant.En tant qu’équipier polyvalent, vous réalisez les divers défis en cuisine, en caisse et en salle.",Foetz,il y a 10 jours,True,/pagead/clk?mo=r&ad=-6NYlbfkN0AfmiaNoKdgZeIORxd6_82FZ6a_cKcdLYVlGIs7Hwg3DRM4CzSbX5i8gNlF1LJMp20PrrUSXs1K4IbtCGvgeRVqdkhU562owdDBlCK1WBi08vHn38RkKN6sN_9idibK4UHLVcNM2fnieLQE7O-WhTdxt73goNjtVuC33SF_l8F_Pj3UeYHaf7w9anvCURIYT4jpi8EccHPZhhCn-4C7ftaH_POYElhyGMn1XApVOXTdYrL9fCX8LaN3qFmFJ-tu5OKNJPXrNRRoRK49KgHg33CAgW374zzWu02FPKujd_4CY6LJ_tqODwCQ-JRveQ5SRShCeQs4UBpjrpQ0NVbeCBMzurRthu8VeomRNV9L4VHwd8QKAYHdPNz7N-nwLL9StpVJIwhXqlaWNSU44_aE0t1mTQV0MTsGN3DW4bvGyjtFVFX0EHQz3yM6&p=0&fvj=1&vjs=3
Quick,Shiftleader,Vous avez de préférence une première expérience professionnelle dans la restauration.C’est tout ce qui fait la force de son identité et ce qui lui a permis de…,Esch-sur-Alzette,il y a 10 jours,True,/pagead/clk?mo=r&ad=-6NYlbfkN0AfmiaNoKdgZeIORxd6_82FZ6a_cKcdLYVlGIs7Hwg3DRM4CzSbX5i8gNlF1LJMp20PrrUSXs1K4ONLVD7teeP_L5ohBSuLCMqPP8EmkUciJbJv8h6p69HCsg96rwC8YVZuKa9fVq2awypYhcfGQLQvpJwzMNCxjN5JT9goAYslkNMmhzpS2Ofsxr8d-SHq4fSNI_z8ORxqCbwDmMooABOQZzi7HP620JkSQIR6enxXCxREvQwgQAA51WRWByXRh2yieUPcJr7wocxIxH_9lUFuZCgdU2snNX_BhUB3KUiPbHQ76WxjKvipFaS8HKnkQ3cFlem_m3iUw1uNhBorA8E6m6er9Yn0pE66URLX8Qj-R_H-SQnecaYDOySqde_gCLj4z1U3YpPlgWX0uGp8j22_BcUXQUSD9yxgyX608zYE7rNSR4i7fWlyc4Pkdw6xJdI=&p=1&fvj=1&vjs=3
bofrost*,Vendeur - Chauffeur,"En tant que vendeur-conseil, vous rendez visite à vos clients toutes les deux semaines au volant de.Grande importance au développement d’une relation de…",Foetz,il y a 11 jours,True,/pagead/clk?mo=r&ad=-6NYlbfkN0A665qc6HXQmW5zxVuqp4j9W9I_VUd1My6Lj_fOkpiFdfQAyK6EOETYI0EAvsAHUj4D0uYQXIgp7Wsh-yACZXueCU3Udca_hQVUeXdQUL0dFLf5K1vsYEtpMkNrN6lA5hgQsXv4kDB_9IRVjuNtt4k4B1meHFXhfYMgeoNzJXiBOMqexg3v_UlWnJENiWKuFEbiZuQlJq18cyQUxNEXcNkLShWe7T71u1DN_oBsvkJHCDaMGmDniF39l7HB5Tu51ayK6budwMknZGL0Xy71DOWXCj6qfwpRvvsD6QDK64nd83k-IUtqtS1bd-wrXS3n6oVPue4CiA7sHcQPds0ndNfST93JgkAyY-DysfGPJxKItAh8MjHsKzagyl6mxyAzW7hbRCGJ7mBc9aEfkcQVOcQcG1aOQrf9Eh03D210Phoco7ohQhT4JIXg1hIAhp-5UgnZKh0Y6H3kwX1sKvj-lWuyvrovFFACtcM6O9Stg1f_fMtWnt1PDZLbh3mTb12FbAWmrbglaLZ4NKD8CuzobugXeg8VISKhTEOExOaOVROIIzZmUrDFrREc-lYsm1-Uyl-SGu85isWAR3Eutt2tpCm0moxh3HE8LkWIUzRinWyuNrjYTrB-gpcU&p=2&fvj=1&vjs=3
Lidl,Jobiste magasins (h/f) - Foetz,Vous cherchez un job étudiant agréable avec beaucoup de variation?Vous aimez le contact avec les clients?Lidl garantit l’amabilité envers ses clients et des…,Mondercange,il y a 14 jours,True,/pagead/clk?mo=r&ad=-6NYlbfkN0BwChchxIFvl0IIcBiuzUzcfBlmP5y6UlopYSIg_MGjMIzNzC1rOnmJR51umFe7Y8rO7zY2lBESQQ4jl7URIvvI5RrvgyerpakWLYDM8yDnX7LoAkgkCd8wKJliXBMZ19MnGsrOvBHBL-rYoaTHhaFHgGMrKdj46jRNyeDz7RW_8fcn4tuMbbk5eLcPkBqnNezha0KhEjaYvkMRtZJ0S166XN0ivdUicxjQvF9uLUA9IlKyyPysJT0YCLTL1aUgVWkb7UrYITMZhDyNxf59GEslsW1j2R3vBiofZsche_vdNXq2ESRw4TSGs37oeQQo1gHI41dZY2b9VU8U0Adq4bp3D_Jb5wcMQI7u0xOShI47GRqmY63sq7XALIwlNfvc2oEZb5BsccF11R-hPG0RacWfWViW58E23yYgs3uSBZ7Qnbi91FO6UqsQgXKmcmOSNjPqkCnT55BhjLrfhkeOd5NDPjSKFAuyPl45nM1a4vg_ug88QFL_y3cPmoeIDhiYt0UKOv5XhiAv3If7NTr8dSInv0kzXeaVeUEfWkpSKwQTxM6jU_XWpf6WAxTTn6o2WCG1ZxLt9RUAKLpA11joz_f-n0RLGc7Gxj1GDrVP_GQL3CPJwuHnHwcmFJTaoKlSP53IiTbhMwczwENtTgZ8XwZPKrISfzaKQuUw4t_rb10crqsGOk9sCzxpgFffys4qMj4HWXUujKoGoOpabenyeemZgsD1oQuakAzkH0tEM4-K4w==&p=3&fvj=0&vjs=3
EYESEN INTERIM,CARRELEURS (H/F),"L'agence EYESEN INTERIM recrute pour un de ses clients, entreprise spécialisée en constuction située au Luxembourg, des :3 à 5 d’expérience dans le domaine.",notfound,il y a 1 jour,False,/company/EYESEN-INTERIM/jobs/Carreleurs-d70170fa8981c5ad?fccid=891bc3586b0b87a3&vjs=3
EYESEN INTERIM,SERRURIERS (H/F),"Assemblage de pièces mécano - soudées à partir d'un plan ou d’un schéma simple.L'agence EYESEN INTERIM recrute pour un de ses clients, entreprise spécialisée…",notfound,il y a 1 jour,False,/company/EYESEN-INTERIM/jobs/Serruriers-9013bb40327dc421?fccid=891bc3586b0b87a3&vjs=3
EYESEN INTERIM,MENUISIERS (H/F),"L'agence Eyesen Interim recrute pour un de ses clients spécialisé dans la menuiserie intérieure & extérieure :5, Rue Geespelt - L3378 - Livange.",notfound,il y a 1 jour,False,/company/EYESEN-INTERIM/jobs/Menuisiers-6a55dd035b73585c?fccid=891bc3586b0b87a3&vjs=3
So Media Sarls,Stage - Content Creator,"Vous êtes un(e) créatif/ve né(e) ?Vous aimez raconter des histoires à l'aide d'images, de vidéos, de sons et de textes?Aisance avec Adobe Creative Suite.",notfound,il y a 2 jours,False,/company/So-Media-Sarls/jobs/Stage-6519167f6caeaa6a?fccid=b2cc70cee514b0e5&vjs=3
Staff,CHARGE RELATION MIDDLE OFFICE PRIVATE BANKING,Le/la Chargé(e) de Relation Middle-Office participe au fonctionnement optimal du service dans le traitement des opérations et dans la qualité du service clients…,notfound,il y a 3 jours,False,/rc/clk?jk=c588d5cab10f48f8&fccid=dd616958bd9ddc12&vjs=3
ASAAG,Mécanicien confirmé auto/moto,"Une première expérience au sein d'une concession ou d'un garage automobile de 5 années minimum.Nous recherchons pour l'un de nos clients, le garage AUTO CAT…",notfound,il y a 3 jours,False,/rc/clk?jk=58bbe43377610c0c&fccid=477534b03b271bfc&vjs=3
Marques Confort,Monteurs et aides monteurs,"Envoyer un CV à l’adresse mail suivante, info@marquesconfort.lu ou passer au bureau remettre votre CV.",notfound,il y a 4 jours,False,/rc/clk?jk=4b4c2eb41412f33e&fccid=2939b00ba122eed2&vjs=3
emb électricité,Electriciens qualifiés m/f,Titulaire du CATP et capable de réaliser des installations et des réparations d'appareils électriques d'une façon autonome.Expérience minimum de 5 ans.,notfound,il y a 4 jours,False,/rc/clk?jk=a4546e738fece39b&fccid=70702bc7a66a76de&vjs=3
emb électricité,Techniciens en courant faible m/f,"Vous prenez en charge les missions de maintenance de nos installations, gérez les dépannages plus ou moins complexes et vous êtes garant de leur bonne…",notfound,il y a 4 jours,False,/rc/clk?jk=f0876c555c7348f2&fccid=70702bc7a66a76de&vjs=3
Foyer,Online Sales Assistant Internship (m/f),"Bachelor Degree Marketing or Management.Since its foundation, FOYER has become Luxembourg's primary insurance provider thanks to its unerring ability to listen…",notfound,il y a 4 jours,False,/rc/clk?jk=32ce31b85ec83afb&fccid=cc4567f5f98d6c7c&vjs=3
kit et colle,Commercial Freelance,Retournez à l'école avec le sourire !*.Depuis 18 ans nous créons avec bonheur des maquettes en carton pour les écoliers (www.kitetcolle.com ).,Luxembourg,il y a 27 jours,True,/pagead/clk?mo=r&ad=-6NYlbfkN0B3IFvevqE3fz66W9I1sHGUWMeTTXq6ECuMNX8AyqDMDD57aCA5dBJIp5mtYA4yXTCVr4jNe2TFs6DTsma4eYtBON1NFM7qhwILEQ8GhkSvFcDSLDULo4tl5sOOw7OLynLCkmAMle9XVg-B07UjHre6rMDR9IhEmK2gJA5aiWCFqGGgre-Ta-SpYfcNephxjk6RfQMyvpcKzsJPueLorzzy6PwNLF5sXd9vI1HuzdVSOikzhbAyjCDmjPYPNdmzPepUGV3-PdopNwRRbaEsCOzhUA8HSc1fkB9iNHTTk9OJZwhsxqIP1I_TqOTNSgHUcUIEKhKZTSLHVCuQyJETlEWBQYzbhzI6JHQ26uPpMy-2sfCeqd3SJHUABGZ4dNJ7tNO54lP_QQLglBORbLI7AP5PIlCCXlABbEvYtXy07ZB-v25uzrKp-0LVWJHMMpozPfI=&p=14&fvj=1&vjs=3
XL REAL ESTATE,Commercial en immobilier / Agent immobilier,Profitez d’un système de rémunération attractif avec un commissionnement évolutif en fonction du chiffre d'affaire réalisé dans l'année.,Bettembourg,il y a 5 jours,True,/pagead/clk?mo=r&ad=-6NYlbfkN0ABBmBO-uCKMA27SR0Bhlk6nDiHjccy699n5ypODk9_rCDsNonnwLcTxkzVSCUP5gnGY515zyjxxyoR4HH1RnauvWFxYO_wk7UHCNLQQLtx0fAWo0X61UzueUu0aIofjz2c75gDCdMnmD8iqK0uTby3WUWGb4DpgH2J-yZ2r0LK1KvFFa9Fpjy8ytsIS3Si3krX99gUMKLAe6iXEzr-UK5QKGZyQXkD1Tx21emyacO8OFxM1MfP9vhjsx6QW6ZOLEHuERAfRCb_3rePC7BHXnfJu-DlMakUuu51jgDNS1RQneZUS4T8TlRsRgWCz5vHheOWkDtbrFKHBcyJrcn8v-JyJdfVUYAJMuTkNIWzzqb_4MMpsuTOZ5rxxiMlwAauoUNKDrlYRD5DVlYnHpBkSajNwIcsYGd6pIrWnA6MmdNYWBztx0tEitJoYGn5vuPpkBx0-AriEe9Aqd4ZIpS5Goe5tZq7kyg6m8o=&p=15&fvj=1&vjs=3
LUX SERVICE MANUTENTION,Technicien engins de manutention,"Vous aimez travailler en autonomie, êtes fier de votre travail, et recherchez un nouveau challenge professionnel :2 techniciens SAV itinérants confirmés.*.",Luxembourg,Il y a plus de 30 jours,True,/pagead/clk?mo=r&ad=-6NYlbfkN0BDhKyfw8V3MxJN5uFr7RDL47NSqFhrqLkHRh9Yxh9RY1e1uPsjsIV6QDUy4DosoW5UQ1CQcY0lVpfUSVw3bextQcmS8DgobT1QEuPqk_G71Q24t9_ZP3VmQpmGe5I9bQ5LOukZfZBoy4Cn-uAoFS3kp8h-Buo3i06WIw343sGWCFUh3kH-ChxwU_zoqrLvG4ycma6WXvDxxzn18Yllk-S1KUHT_UW9NTa4dJJMs5WWqQWBi7XKYmpzM8nNyzVJ2SOJAp2xhu_EohMq_cgxV5TH4RBlGwjzyT-IlbXY7R6U94S2eW1LSv_CuFRFldhMAaIc0Jyx9JFiMogW2tH_OE070pMwmD9lY6nqWMhPkszkRicpPfEP8NocSgjwdAiHLGF_JoMtwNfdeTGagoGK84fkClFuxYBdhySbrfcqBucRjIR2GsRYJ0E3TvwU0nn8H1H7i3BAJyNrtyu2J8XSIRVvbqMwMQ19jDI=&p=16&fvj=1&vjs=3
entreprise,poste,desc,lieu,depuis,sponso,url
Burger King,Crew,"Vous participez activement au bon déroulement du restaurant.En tant qu’équipier polyvalent, vous réalisez les divers défis en cuisine, en caisse et en salle.",Foetz,il y a 10 jours,True,/pagead/clk?mo=r&ad=-6NYlbfkN0AfmiaNoKdgZeIORxd6_82FZ6a_cKcdLYVlGIs7Hwg3DRM4CzSbX5i8gNlF1LJMp20PrrUSXs1K4IbtCGvgeRVqdkhU562owdDBlCK1WBi08vHn38RkKN6sN_9idibK4UHLVcNM2fnieLQE7O-WhTdxt73goNjtVuC33SF_l8F_Pj3UeYHaf7w9ONaxCYLVcvNVG9hmyaiaSKLJxEJkA5-i2gCcvcXm-DPCEq8yUWKVYqveSV8gq8I50HDRhQYq1_LBprBS_dTazwPp17y8G9t5OawuyqFHKpTpb9y0V8nkZyTlr1h7c_Gi6fQgIOgf5j1B_j4vBcTlTcoUdyXPsCxWlcGa8lA49HEj1Cm2fUZEAqcakIwMLIelSUIy9FNrAyNCsTafQiHlJ9qRaus3OOw_d0-LyefSv2lHD-wWtUdIR40K_ik83zt8&p=0&fvj=1&vjs=3
Quick,Shiftleader,Vous avez de préférence une première expérience professionnelle dans la restauration.C’est tout ce qui fait la force de son identité et ce qui lui a permis de…,Esch-sur-Alzette,il y a 10 jours,True,/pagead/clk?mo=r&ad=-6NYlbfkN0AfmiaNoKdgZeIORxd6_82FZ6a_cKcdLYVlGIs7Hwg3DRM4CzSbX5i8gNlF1LJMp20PrrUSXs1K4ONLVD7teeP_L5ohBSuLCMqPP8EmkUciJbJv8h6p69HCsg96rwC8YVZuKa9fVq2awypYhcfGQLQvpJwzMNCxjN5JT9goAYslkNMmhzpS2Ofs8EuB619-7FLkrCguDYjQXpD1yV7K255em3pXaVmu3Zuy2lqLIrfCLsid1xG8N97LdxoN-7AXBxPiY1P_KJez7RQBP7ZU5P_ZLDaFL-XdFkWOcVpNIi5iOK-tUKEwpebdyhkC6lXuUBu3gbhfEBHDZp838lb6eiQw-QuFzd9G-L2kDFVeiCsNF-vAqK5Myde6ARcE9Yx3V-zX5Qqo44x1d2Tvl2yTyEppCU_t2GA8XqtK3khAEDpedji0mP3lQVXkmmFfsWY7hss=&p=1&fvj=1&vjs=3
bofrost*,Vendeur - Chauffeur,"En tant que vendeur-conseil, vous rendez visite à vos clients toutes les deux semaines au volant de.Grande importance au développement d’une relation de…",Foetz,il y a 11 jours,True,/pagead/clk?mo=r&ad=-6NYlbfkN0A665qc6HXQmW5zxVuqp4j9W9I_VUd1My6Lj_fOkpiFdfQAyK6EOETYI0EAvsAHUj4D0uYQXIgp7Wsh-yACZXueCU3Udca_hQVUeXdQUL0dFLf5K1vsYEtpMkNrN6lA5hgQsXv4kDB_9IRVjuNtt4k4B1meHFXhfYMgeoNzJXiBOMqexg3v_UlW4Nn1I9mAAW6Q3J99AngeYAwxruQl-HwnZ3BSVInyksLrDchLY6vaZgP-yhEUDTd38d-xy8Nc8rCgwwRKvbVsf5Cy06aKuz7DdMD-OXya4KmnKYSRW6M9GzFZky8jvuyEE9C3423llZ6_-AJ-677-vss3KfcelNfP3EHeOsNEvAWrenmw8abU5eMyc_waVWVNYPHZxXgSBn0ak9OhYZsUNqGiONC9_UIOLqN2AZCADeOjtCC-wOoAImF8P1XUmV4CNJkF4_MCUq-nm6TUyyR_grF81BOlw9JIgGtUWnJ6ecdRqqjD42FYxD-_5XuJ9IGhpxvCClht4kRmYU47XErHhWdTj11QCvwPAYYwVXazcVozKRvPNYwckOW0RlI8gREU33I6eWbhYQucwlVlNf50s7dGVcA2nKdJ0vEyeEsBDdHKnHDFokRt4scAzru5S0sA&p=2&fvj=1&vjs=3
EYESEN INTERIM,CARRELEURS (H/F),"L'agence EYESEN INTERIM recrute pour un de ses clients, entreprise spécialisée en constuction située au Luxembourg, des :3 à 5 d’expérience dans le domaine.",notfound,il y a 1 jour,False,/company/EYESEN-INTERIM/jobs/Carreleurs-d70170fa8981c5ad?fccid=891bc3586b0b87a3&vjs=3
EYESEN INTERIM,SERRURIERS (H/F),"L'agence EYESEN INTERIM recrute pour un de ses clients, entreprise spécialisée en chaudronnerie, située au Luxembourg , des :5, Rue Geespelt, L3378 - Livange*.",notfound,il y a 1 jour,False,/company/EYESEN-INTERIM/jobs/Serruriers-9013bb40327dc421?fccid=891bc3586b0b87a3&vjs=3
EYESEN INTERIM,MENUISIERS (H/F),"L'agence Eyesen Interim recrute pour un de ses clients spécialisé dans la menuiserie intérieure & extérieure :5, Rue Geespelt - L3378 - Livange.",notfound,il y a 1 jour,False,/company/EYESEN-INTERIM/jobs/Menuisiers-6a55dd035b73585c?fccid=891bc3586b0b87a3&vjs=3
So Media Sarls,Stage - Content Creator,"Vous êtes un(e) créatif/ve né(e) ? vous aimez raconter des histoires à l'aide d'images, de vidéos, de sons et de textes?. (très) Attentif/ve aux détails.",notfound,il y a 2 jours,False,/company/So-Media-Sarls/jobs/Stage-6519167f6caeaa6a?fccid=b2cc70cee514b0e5&vjs=3
Staff,CHARGE RELATION MIDDLE OFFICE PRIVATE BANKING,Le/la Chargé(e) de Relation Middle-Office participe au fonctionnement optimal du service dans le traitement des opérations et dans la qualité du service clients…,notfound,il y a 3 jours,False,/rc/clk?jk=c588d5cab10f48f8&fccid=dd616958bd9ddc12&vjs=3
ASAAG,Mécanicien confirmé auto/moto,"Une première expérience au sein d'une concession ou d'un garage automobile de 5 années minimum.Nous recherchons pour l'un de nos clients, le garage AUTO CAT…",notfound,il y a 3 jours,False,/rc/clk?jk=58bbe43377610c0c&fccid=477534b03b271bfc&vjs=3
Marques Confort,Monteurs et aides monteurs,"Dynamiques et ouvert d’esprit.Motivé ? Envoyer un CV à l’adresse mail suivante, info@marquesconfort.lu ou passer au bureau remettre votre CV.",notfound,il y a 4 jours,False,/rc/clk?jk=4b4c2eb41412f33e&fccid=2939b00ba122eed2&vjs=3
emb électricité,Electriciens qualifiés m/f,Titulaire du CATP et capable de réaliser des installations et des réparations d'appareils électriques d'une façon autonome.Expérience minimum de 5 ans.,notfound,il y a 4 jours,False,/rc/clk?jk=a4546e738fece39b&fccid=70702bc7a66a76de&vjs=3
emb électricité,Techniciens en courant faible m/f,"Vous prenez en charge les missions de maintenance de nos installations, gérez les dépannages plus ou moins complexes et vous êtes garant de leur bonne…",notfound,il y a 4 jours,False,/rc/clk?jk=f0876c555c7348f2&fccid=70702bc7a66a76de&vjs=3
Foyer,Online Sales Assistant Internship (m/f),"Since its foundation, FOYER has become Luxembourg's primary insurance provider thanks to its unerring ability to listen and respond to its customers' needs.",notfound,il y a 4 jours,False,/rc/clk?jk=32ce31b85ec83afb&fccid=cc4567f5f98d6c7c&vjs=3
Lidl,Jobiste magasins (h/f) - Foetz,Vous cherchez un job étudiant agréable avec beaucoup de variation?Vous aimez le contact avec les clients?Lidl garantit l’amabilité envers ses clients et des…,Mondercange,il y a 14 jours,True,/pagead/clk?mo=r&ad=-6NYlbfkN0BwChchxIFvl0IIcBiuzUzcfBlmP5y6UlopYSIg_MGjMIzNzC1rOnmJR51umFe7Y8rO7zY2lBESQQ4jl7URIvvI5RrvgyerpakWLYDM8yDnX7LoAkgkCd8wKJliXBMZ19MnGsrOvBHBL-rYoaTHhaFHgGMrKdj46jRNyeDz7RW_8fcn4tuMbbk5eLcPkBqnNezha0KhEjaYvkMRtZJ0S166hFFlkzV61GizrZAPM5y611OMUKW5NZKpNAaCWR-WRu5wcfbP0N_JsQ6CVU8P_W0vewGSIvJ9gic2p2GCeFv_hllNLD9u-_bwbUPq8a89MFNv8OGpUeljdJ3jwZ8GimfOx1bRTCYFxkWWqteuySYVR98Ze-1J9NGXP8E-OI7QQz4ppHjrxZYB_BNjk0hykmKdtINvDDQ_nKQY-S9o3WmOzpHjhzkb3I5cjS8YuNU_qY8U8E30W6mw8RxKHLlCmMdZ1S6SHqjx_-9kpMRxlNawFE8krK54YzSAssNGOEZYr2MF4jRS-Ny5qWJonhWSUZZYe9Oyw1rkPTgh9HFfL1gWGSCD39MHTS7OMvVLF0NI7tK0NKlO6qJCHtLAM4X__EWKN-2DDXXgP7ICxqzqZQUkRe3I_laV3z_tjXTteGr3pcdABLbcTAsNHf3I0q-PP4GlpEIkma7LiE16SkuvDuDIsuaM40KmWvHh1oUKwY_0omkHYf7bT0ngveUBEl8VwxHRWJUSC7VoWBj2gVuZp6ldqg==&p=13&fvj=0&vjs=3
kit et colle,Commercial Freelance,Retournez à l'école avec le sourire !*.Depuis 18 ans nous créons avec bonheur des maquettes en carton pour les écoliers (www.kitetcolle.com ).,Luxembourg,il y a 27 jours,True,/pagead/clk?mo=r&ad=-6NYlbfkN0B3IFvevqE3fz66W9I1sHGUWMeTTXq6ECuMNX8AyqDMDD57aCA5dBJIp5mtYA4yXTCVr4jNe2TFs6DTsma4eYtBON1NFM7qhwILEQ8GhkSvFcDSLDULo4tl5sOOw7OLynLCkmAMle9XVg-B07UjHre6rMDR9IhEmK2gJA5aiWCFqGGgre-Ta-SpdjbntOiUN60fZ4U5OHWhAyK7h5ixglg2b0C7YVbr1zUPnKiTAOZVmnb66v5Er55FcUSGattfCX4f6rdjms9ILZduGghI3K2f32UFQ7ltNYGNiMt1OVaDU-bn75Ifb5fQSqiPVeB52jRhWc_NmGL9UUZoEZMbPKboZ6hDLhFXJU1Oqc_XQAVQIVW7QKyDWgpTat6PuujYIvf8NaDhGaIgbcm4uETIR1DJhfmTmMfRUxOYd9L7Kjn6ScWVp1-zstThlbN_wUH6fRQ=&p=14&fvj=1&vjs=3
XL REAL ESTATE,Commercial en immobilier / Agent immobilier,Vous avez un profil commercial et vous aimez les challenges?Le secteur de l’Immobilier vous motive?Vous êtes autonome et avez l’esprit entrepreneur?,Bettembourg,il y a 5 jours,True,/pagead/clk?mo=r&ad=-6NYlbfkN0ABBmBO-uCKMA27SR0Bhlk6nDiHjccy699n5ypODk9_rCDsNonnwLcTxkzVSCUP5gnGY515zyjxxyoR4HH1RnauvWFxYO_wk7UHCNLQQLtx0fAWo0X61UzueUu0aIofjz2c75gDCdMnmD8iqK0uTby3WUWGb4DpgH2J-yZ2r0LK1KvFFa9Fpjy8QOlh6d8VHYz0MKY2_HLhiezgstbhqQrmUM6jVfWs_8ZIRKdy1NmeUGEephcEgmsPFH2cbamzPrQfWNDw7QRgq6TEMpzF2Bm5qLJIFK_oQZwZ9jLuBZZJRksTrI2xLA5JnUe1ZxVtE83cHmPzAXO6ikVqTbketNAv-icXEcnIRVA0dwoFg1AO2VvSW8hImkFYptFX3iNDzjwGdmS3_j6A4Hk5xbDvL1UgfPOeAF1ef6bPkCLHOv1DhUXOMgSc5w_dr1RcEfvYJWHTvnMXScdoBolJP92smbvyylbdxNysexY=&p=15&fvj=1&vjs=3
entreprise,poste,desc,lieu,depuis,sponso,url
Burger King,Crew,"Vous participez activement au bon déroulement du restaurant.En tant qu’équipier polyvalent, vous réalisez les divers défis en cuisine, en caisse et en salle.",Foetz,il y a 10 jours,True,/pagead/clk?mo=r&ad=-6NYlbfkN0AfmiaNoKdgZeIORxd6_82FZ6a_cKcdLYVlGIs7Hwg3DRM4CzSbX5i8gNlF1LJMp20PrrUSXs1K4IbtCGvgeRVqdkhU562owdDBlCK1WBi08vHn38RkKN6sN_9idibK4UHLVcNM2fnieLQE7O-WhTdxt73goNjtVuC33SF_l8F_Pj3UeYHaf7w9hOA_FnMGlUHePmfN5MJjVcAHJcXrLifSsg7me0OQuhIWQhVHWVRONyJ1ByPkjEc0G_vdWVgfrKqNZE2sXUDvaK3G8r3rR7C3zUz3hBUKlujvd2e2zcuErQq9SkwmhIBiuisVEAlXbKsFYaLTUS6yPdXKhYWll_bjdnBz1BZVgumLqifNNQ9fJ9eUHbT0TMAGuiQGAGtQCG3JWThVQ3Th123m2m-lny16ypOlBHA86j8wLKgmYpbl-jqE3wCcddpa&p=0&fvj=1&vjs=3
Quick,Shiftleader,Vous avez de préférence une première expérience professionnelle dans la restauration.C’est tout ce qui fait la force de son identité et ce qui lui a permis de…,Esch-sur-Alzette,il y a 10 jours,True,/pagead/clk?mo=r&ad=-6NYlbfkN0AfmiaNoKdgZeIORxd6_82FZ6a_cKcdLYVlGIs7Hwg3DRM4CzSbX5i8gNlF1LJMp20PrrUSXs1K4ONLVD7teeP_L5ohBSuLCMqPP8EmkUciJbJv8h6p69HCsg96rwC8YVZuKa9fVq2awypYhcfGQLQvpJwzMNCxjN5JT9goAYslkNMmhzpS2OfsDz9cs4T_hrVGIQHc9P6YHjQ6NPcVr--m0Glwz4Oze-ah9bD53MaMhQP9pqXtwELWzuBzjrKN0YTLpu-V3sqR96E7FhvYJLTpnucyd19UqMmQzrpGNGkF3Ps-MnmG65l04geYfJhiVvmHCgfbMJLLo7P12MQzwHph4AW7ZksmO16oKc4FVdbkdvqYrjUncIZq-PSjagwYahXe-h3R5S6Huy-tvFdguPgv37uB_sjNzykkK9Nd99oeU61EDKoDMzxa6hHl6miHDtA=&p=1&fvj=1&vjs=3
bofrost*,Vendeur - Chauffeur,"En tant que vendeur-conseil, vous rendez visite à vos clients toutes les deux semaines au volant de.Grande importance au développement d’une relation de…",Foetz,il y a 11 jours,True,/pagead/clk?mo=r&ad=-6NYlbfkN0A665qc6HXQmW5zxVuqp4j9W9I_VUd1My6Lj_fOkpiFdfQAyK6EOETYI0EAvsAHUj4D0uYQXIgp7Wsh-yACZXueCU3Udca_hQVUeXdQUL0dFLf5K1vsYEtpMkNrN6lA5hgQsXv4kDB_9IRVjuNtt4k4B1meHFXhfYMgeoNzJXiBOMqexg3v_UlWBju0tqvGRaTJX2gh17TkbKb4Z7qJ8LHrrs0oq4tY6V2ms2sI9oCZIpqSVBVTPqPvb1fwz9UsPy-5D929sKjitlg5MA6stEIIxIQ2QcYfumKTSketXDHMs6LmdVsPoUsREOIX_JVfiGCcIctMNGYvoGd6GxLlP1Bp9WDipJroRKb5g2QLLdBlU_ORF35XKbJOcEdCfXohTgKF3YEJsy0biuUGfdhbRkFsd__i4IYbQsQWO-4CpodOZRmE9Y_NOyzPZ6RQSOfcSAFnn3I2w-uFTys4N6sWfZHmQOiHxtqVgAms46ETRF4ITK6tPXQN8EEZ1PZHBU7kahGM0hVa9r9m864vJGa_Eh86qELZuTiot0miyXGKriW0lfQvsK_KeolniI9PKvnd5xFiQyaTW4Zcqf3oS6q1F19jj50XYF0dtk8XwR8OaTX8HeN7JHo4slkv&p=2&fvj=1&vjs=3
Lidl,Jobiste magasins (h/f) - Foetz,Vous cherchez un job étudiant agréable avec beaucoup de variation?Vous aimez le contact avec les clients?Lidl garantit l’amabilité envers ses clients et des…,Mondercange,il y a 14 jours,True,/pagead/clk?mo=r&ad=-6NYlbfkN0BwChchxIFvl0IIcBiuzUzcfBlmP5y6UlopYSIg_MGjMIzNzC1rOnmJR51umFe7Y8rO7zY2lBESQQ4jl7URIvvI5RrvgyerpakWLYDM8yDnX7LoAkgkCd8wKJliXBMZ19MnGsrOvBHBL-rYoaTHhaFHgGMrKdj46jRNyeDz7RW_8fcn4tuMbbk5eLcPkBqnNezha0KhEjaYvkMRtZJ0S166fF3RG_nPjiVtt0UbDrqjztN_VRRewTwYDa8_6sI4nPDqgE9QznRlpSGLQbTtCPxpJa5EPlbxHYo_y_VZACx5VmiAwMil-Xw5EStmhB842AHZoMXPxg3-RXTV_onTG8a59gQmoFsK9UC4DbGizPsf83WcH44fMKp8H34WwZdj59GzYNE7SdnW3Z9wbw1VF5ANGpDewyCZjL9wWtH-Wur49GvBAvicB61prSRCRFwUMjxNRRdrYoZp759di1EDUaYHfaPvvpukwD6BK1UETAozCy2teWR6coYDufO51sKZIpjTRRyGKXRkF6VAZReAhrf1QuF0S4Wjr3_-0y8x0O_8pVnfVttXkw5EpNuJBcXPi5VR249Jbz3jqKCUTLfgldVYuNUucpNRCLux0CtVMFg7YiKTjcCl7MbPXx8Sac1MsCYYMfEH6Yuu7Jv1dkaFMxCYdj0HrxL6OTGcaPXuw0OVXlYROCrt1UizVg1aMjHcKbjhNBs_qppFgf_S0d3fNZgqYHdrrRO38plPu6LKsgREyA==&p=3&fvj=0&vjs=3
EYESEN INTERIM,CARRELEURS (H/F),"L'agence EYESEN INTERIM recrute pour un de ses clients, entreprise spécialisée en constuction située au Luxembourg, des :3 à 5 d’expérience dans le domaine.",notfound,il y a 1 jour,False,/company/EYESEN-INTERIM/jobs/Carreleurs-d70170fa8981c5ad?fccid=891bc3586b0b87a3&vjs=3
EYESEN INTERIM,SERRURIERS (H/F),"L'agence EYESEN INTERIM recrute pour un de ses clients, entreprise spécialisée en chaudronnerie, située au Luxembourg , des :5, Rue Geespelt, L3378 - Livange*.",notfound,il y a 1 jour,False,/company/EYESEN-INTERIM/jobs/Serruriers-9013bb40327dc421?fccid=891bc3586b0b87a3&vjs=3
EYESEN INTERIM,MENUISIERS (H/F),"L'agence Eyesen Interim recrute pour un de ses clients spécialisé dans la menuiserie intérieure & extérieure :5, Rue Geespelt - L3378 - Livange.",notfound,il y a 1 jour,False,/company/EYESEN-INTERIM/jobs/Menuisiers-6a55dd035b73585c?fccid=891bc3586b0b87a3&vjs=3
So Media Sarls,Stage - Content Creator,"Vous êtes un(e) créatif/ve né(e) ? vous aimez raconter des histoires à l'aide d'images, de vidéos, de sons et de textes?. (très) Attentif/ve aux détails.",notfound,il y a 2 jours,False,/company/So-Media-Sarls/jobs/Stage-6519167f6caeaa6a?fccid=b2cc70cee514b0e5&vjs=3
Staff,CHARGE RELATION MIDDLE OFFICE PRIVATE BANKING,Le/la Chargé(e) de Relation Middle-Office participe au fonctionnement optimal du service dans le traitement des opérations et dans la qualité du service clients…,notfound,il y a 3 jours,False,/rc/clk?jk=c588d5cab10f48f8&fccid=dd616958bd9ddc12&vjs=3
ASAAG,Mécanicien confirmé auto/moto,"Une première expérience au sein d'une concession ou d'un garage automobile de 5 années minimum.Nous recherchons pour l'un de nos clients, le garage AUTO CAT…",notfound,il y a 3 jours,False,/rc/clk?jk=58bbe43377610c0c&fccid=477534b03b271bfc&vjs=3
Marques Confort,Monteurs et aides monteurs,"Dynamiques et ouvert d’esprit.Motivé ? Envoyer un CV à l’adresse mail suivante, info@marquesconfort.lu ou passer au bureau remettre votre CV.",notfound,il y a 4 jours,False,/rc/clk?jk=4b4c2eb41412f33e&fccid=2939b00ba122eed2&vjs=3
emb électricité,Electriciens qualifiés m/f,Titulaire du CATP et capable de réaliser des installations et des réparations d'appareils électriques d'une façon autonome.Expérience minimum de 5 ans.,notfound,il y a 4 jours,False,/rc/clk?jk=a4546e738fece39b&fccid=70702bc7a66a76de&vjs=3
emb électricité,Techniciens en courant faible m/f,"Vous prenez en charge les missions de maintenance de nos installations, gérez les dépannages plus ou moins complexes et vous êtes garant de leur bonne…",notfound,il y a 4 jours,False,/rc/clk?jk=f0876c555c7348f2&fccid=70702bc7a66a76de&vjs=3
Foyer,Online Sales Assistant Internship (m/f),"Since its foundation, FOYER has become Luxembourg's primary insurance provider thanks to its unerring ability to listen and respond to its customers' needs.",notfound,il y a 4 jours,False,/rc/clk?jk=32ce31b85ec83afb&fccid=cc4567f5f98d6c7c&vjs=3
kit et colle,Commercial Freelance,Retournez à l'école avec le sourire !*.Depuis 18 ans nous créons avec bonheur des maquettes en carton pour les écoliers (www.kitetcolle.com ).,Luxembourg,il y a 27 jours,True,/pagead/clk?mo=r&ad=-6NYlbfkN0B3IFvevqE3fz66W9I1sHGUWMeTTXq6ECuMNX8AyqDMDD57aCA5dBJIp5mtYA4yXTCVr4jNe2TFs6DTsma4eYtBON1NFM7qhwILEQ8GhkSvFcDSLDULo4tl5sOOw7OLynLCkmAMle9XVg-B07UjHre6rMDR9IhEmK2gJA5aiWCFqGGgre-Ta-SpZaejzdPo9kld4YIB2vEj-oC2x0WJxaDdB97k4IFngkljd7Z-VyBNDX3u2EXG8tkVjPUXVD9-6ZEJVktsb0-NrBcjcxnjVg54rjTvZhhDVW_Mg7ou-gGJZAtiyy4tY3KNh9vGj-4U7JKIGnCFFZiVNRUiYiSTeRxyncSAs9trJqXewy-D4TPqUmmgSXBfdievE9sp5_D4hpjIMb0UVI-eFQXS2WOGBQu7ZgzbNvUp1o5JlUGvtYSCIisKt24xbFNGlgMj47UOzbk=&p=14&fvj=1&vjs=3
XL REAL ESTATE,Commercial en immobilier / Agent immobilier,Vous avez un profil commercial et vous aimez les challenges?Le secteur de l’Immobilier vous motive?Vous êtes autonome et avez l’esprit entrepreneur?,Bettembourg,il y a 5 jours,True,/pagead/clk?mo=r&ad=-6NYlbfkN0ABBmBO-uCKMA27SR0Bhlk6nDiHjccy699n5ypODk9_rCDsNonnwLcTxkzVSCUP5gnGY515zyjxxyoR4HH1RnauvWFxYO_wk7UHCNLQQLtx0fAWo0X61UzueUu0aIofjz2c75gDCdMnmD8iqK0uTby3WUWGb4DpgH2J-yZ2r0LK1KvFFa9Fpjy8gyQYo_F7OyqO1d5XqeBd8D0Gim10TTmFOSN6hDNU2gyWp75Uf_JqOs5dEYDUm7Yn2OasPjd4PiqTAujuQPI9UOKOGQshjV1n128bkDZ-H3x0NZMsbGZgL2cP9Z-sAZy_jXeV5B8f4v3dGOQvB6nZdumZJ_0apHe4rXJa4eUT4aVCgt0hfnZtFcyBTMixzmB2FuDx5m7MCPalZikwiEyN-tXyxFhqGdZ89ZIh9Yhi9OYvGGUWZAkEFWSqDJaZsKYO7ghaFm8x53o7ZCw6LkMwk74yHrmE3X9-nkeOMfjNN48=&p=15&fvj=1&vjs=3
LUX SERVICE MANUTENTION,Technicien engins de manutention,"Vous aimez travailler en autonomie, êtes fier de votre travail, et recherchez un nouveau challenge professionnel : rejoignez-nous !",Luxembourg,Il y a plus de 30 jours,True,/pagead/clk?mo=r&ad=-6NYlbfkN0BDhKyfw8V3MxJN5uFr7RDL47NSqFhrqLkHRh9Yxh9RY1e1uPsjsIV6QDUy4DosoW5UQ1CQcY0lVpfUSVw3bextQcmS8DgobT1QEuPqk_G71Q24t9_ZP3VmQpmGe5I9bQ5LOukZfZBoy4Cn-uAoFS3kp8h-Buo3i06WIw343sGWCFUh3kH-ChxwPgalvpVtLWOn9u9fWDsN9yK313y72wDxFV_gn1ylbI3TPBFCoohlNkQNOvixruQ2W7MOf-X0XDO7feTLfzBDkBKVE6OV3m-bA0moalE2t0NLr5HwWcIJeJENsWv0uiQdNL_QmHJwdFCk5m56-SDLPELrbBn2G9uJp1twJx5rKhG2zODF5dwkRYaVWvOVBA9HY2x-3YzR22s0LzU6WW_7iEqCQA57euo9S7i87BbMaGQBtufDOFO1QLojoKiFAcXEfUD4ReT8inMmICDOGnqFC4lpIBWImZ6oVCS5ga77aPA=&p=16&fvj=1&vjs=3
entreprise,poste,desc,lieu,depuis,sponso,url
Burger King,Crew,"Vous participez activement au bon déroulement du restaurant.En tant qu’équipier polyvalent, vous réalisez les divers défis en cuisine, en caisse et en salle.",Foetz,il y a 10 jours,True,/pagead/clk?mo=r&ad=-6NYlbfkN0AfmiaNoKdgZeIORxd6_82FZ6a_cKcdLYVlGIs7Hwg3DRM4CzSbX5i8gNlF1LJMp20PrrUSXs1K4IbtCGvgeRVqdkhU562owdDBlCK1WBi08vHn38RkKN6sN_9idibK4UHLVcNM2fnieLQE7O-WhTdxt73goNjtVuC33SF_l8F_Pj3UeYHaf7w9doF7Uga1ddoQRoX1kXOhrm-Qoo5VtB7VbRFnYEGV7WAd-0lSLFDa-_G5JdN_ttWTLkrppqDzo17gf9Cc2fZPVd6U5v-I2hxZue1jNWw5vZcHVdxt3eor1Ah5pCsAGEhcvbG0Fzw0vWKYp8iG8YMinSGUwjJz9zTknG-8uyTohCGwM_q0rdvqqHFtp4552CBxx0cbBhCTgITFVMB9YW6cIrIe3nrrx3lbWgaJd_1zkQcJCTFExlAd3LLgPgyp3QA0&p=0&fvj=1&vjs=3
Quick,Shiftleader,Vous avez de préférence une première expérience professionnelle dans la restauration.C’est tout ce qui fait la force de son identité et ce qui lui a permis de…,Esch-sur-Alzette,il y a 10 jours,True,/pagead/clk?mo=r&ad=-6NYlbfkN0AfmiaNoKdgZeIORxd6_82FZ6a_cKcdLYVlGIs7Hwg3DRM4CzSbX5i8gNlF1LJMp20PrrUSXs1K4ONLVD7teeP_L5ohBSuLCMqPP8EmkUciJbJv8h6p69HCsg96rwC8YVZuKa9fVq2awypYhcfGQLQvpJwzMNCxjN5JT9goAYslkNMmhzpS2OfskZSTa3qHhi33ULvDFTWBp0oSsfF5w7C_TWRalQAP6wcqjQdD4EZ7JYwQ8l5N4r3ezh08zeC8XO5v9nqG_oarYy16ec3uVXl43ZdWaU0wZipkmdt49SNterKzceHW2ft4PVAQ9IjINDo0A7Rix77Pmti5y_qXuelmzcCTF0RRhGaMroUmnl1LT25MQ-uEwLl0EE-Vwba-3dk9dpNdyj_bmB5pJqow-1Ulzcrlq0GITxxbAbovQVqAACG89uJpm2hdciWHp_qZO6I=&p=1&fvj=1&vjs=3
bofrost*,Vendeur - Chauffeur,"En tant que vendeur-conseil, vous rendez visite à vos clients toutes les deux semaines au volant de.Grande importance au développement d’une relation de…",Foetz,il y a 11 jours,True,/pagead/clk?mo=r&ad=-6NYlbfkN0A665qc6HXQmW5zxVuqp4j9W9I_VUd1My6Lj_fOkpiFdfQAyK6EOETYI0EAvsAHUj4D0uYQXIgp7Wsh-yACZXueCU3Udca_hQVUeXdQUL0dFLf5K1vsYEtpMkNrN6lA5hgQsXv4kDB_9IRVjuNtt4k4B1meHFXhfYMgeoNzJXiBOMqexg3v_UlWxHzKJsCgKSF_xRutxR4Rg0cUfdGzHmiVa3dCFu2cZCSIx65k7Lcm4WBWhOwTaff2LpGOm08XvZ7_5PXHhKI780tlAqL1tN35kEXsWPDtefBhTNZJ-NvfCJuoQSIOXr5DvBQ61wNld8CaV3YOby76S4xHoIs4A9i4dfSbd5r3eNHKQgMFjArJLHNdR68HpjJMCgRVhsSPzOskZomDYPmxknHL_Jt1yf-mBS0GtAPK7IMVraht55vu3C9H0gBNRRA6zMJx_ER4-QQsX6iB2yZmn3TncPnqE7jgCq9Zu_VGGOtQSn5SHU4k1ttFdvXdPnMaC3nyc-zfvTWFOYali-msvuB6k386U4Gu4yNPPEoNsRKMj52KxVFa-YJZ6gkAwb6zqlvutNrY3tcyqMf_pMSdYJcmaN9RL6iSHkzsK8MwX5p6_NwHnaLWicSUM_QZaa70&p=2&fvj=1&vjs=3
Lidl,Jobiste magasins (h/f) - Foetz,Vous cherchez un job étudiant agréable avec beaucoup de variation?Vous aimez le contact avec les clients?Lidl garantit l’amabilité envers ses clients et des…,Mondercange,il y a 14 jours,True,/pagead/clk?mo=r&ad=-6NYlbfkN0BwChchxIFvl0IIcBiuzUzcfBlmP5y6UlopYSIg_MGjMIzNzC1rOnmJR51umFe7Y8rO7zY2lBESQQ4jl7URIvvI5RrvgyerpakWLYDM8yDnX7LoAkgkCd8wKJliXBMZ19MnGsrOvBHBL-rYoaTHhaFHgGMrKdj46jRNyeDz7RW_8fcn4tuMbbk5eLcPkBqnNezha0KhEjaYvgofSApFMn0wer8chtNtKKG_qzvV5Zxge7O2YTKXi6-o1P9fryusw0qZqbVc9jcFYCqGFWsZRl9Ssgh9Nl_I9lHC2HgizKqmCWT5AmzGLiLYgoXWQJC8sllDK5tG3aQTYbaCV1T90vrzLzdF5x1jGMbGgQdyemX7w-2sfgyJU3fYwhMmheVkeY17aiGROUcELfbhpg4cy8-yUkalIg8H5hBmYw--9noJMMEo-HHU-kHQC43CdgQo9X9BO-nTVLFZZbPpH7deL_OCJthonlOcnY6Ohp-rytGSAh5OxziwguVuS7PkOwc0qgfLwS6BAiVuTOD8IIEQHG9EmZ7ZOJZ5SfI6VH4icaPEp_p_iflk8TpbBWJp7rx_H2x1c4izR4kG_LYCj-Zmr3Ox8ZDEWx22CRPlJ8rwXesDUL5Zl8BhjRSuXwJ_3wtMRbo6N5mn79Mk7A3Es8j0HNabmhBR00W9TwWBKF4_xk3ZL7qBlOCxqHuG43e5HTx8ALmsJTKQ1iyXsJQy390miNFVKu8v8lXyTgpGgaQM7eBpKQ==&p=3&fvj=0&vjs=3
EYESEN INTERIM,CARRELEURS (H/F),"L'agence EYESEN INTERIM recrute pour un de ses clients, entreprise spécialisée en constuction située au Luxembourg, des :3 à 5 d’expérience dans le domaine.",notfound,il y a 1 jour,False,/company/EYESEN-INTERIM/jobs/Carreleurs-d70170fa8981c5ad?fccid=891bc3586b0b87a3&vjs=3
EYESEN INTERIM,SERRURIERS (H/F),"L'agence EYESEN INTERIM recrute pour un de ses clients, entreprise spécialisée en chaudronnerie, située au Luxembourg , des :5, Rue Geespelt, L3378 - Livange*.",notfound,il y a 1 jour,False,/company/EYESEN-INTERIM/jobs/Serruriers-9013bb40327dc421?fccid=891bc3586b0b87a3&vjs=3
EYESEN INTERIM,MENUISIERS (H/F),"L'agence Eyesen Interim recrute pour un de ses clients spécialisé dans la menuiserie intérieure & extérieure :5, Rue Geespelt - L3378 - Livange.",notfound,il y a 1 jour,False,/company/EYESEN-INTERIM/jobs/Menuisiers-6a55dd035b73585c?fccid=891bc3586b0b87a3&vjs=3
So Media Sarls,Stage - Content Creator,"Vous êtes un(e) créatif/ve né(e) ? vous aimez raconter des histoires à l'aide d'images, de vidéos, de sons et de textes?. (très) Attentif/ve aux détails.",notfound,il y a 2 jours,False,/company/So-Media-Sarls/jobs/Stage-6519167f6caeaa6a?fccid=b2cc70cee514b0e5&vjs=3
Staff,CHARGE RELATION MIDDLE OFFICE PRIVATE BANKING,Le/la Chargé(e) de Relation Middle-Office participe au fonctionnement optimal du service dans le traitement des opérations et dans la qualité du service clients…,notfound,il y a 3 jours,False,/rc/clk?jk=c588d5cab10f48f8&fccid=dd616958bd9ddc12&vjs=3
ASAAG,Mécanicien confirmé auto/moto,"Une première expérience au sein d'une concession ou d'un garage automobile de 5 années minimum.Nous recherchons pour l'un de nos clients, le garage AUTO CAT…",notfound,il y a 3 jours,False,/rc/clk?jk=58bbe43377610c0c&fccid=477534b03b271bfc&vjs=3
Marques Confort,Monteurs et aides monteurs,"Dynamiques et ouvert d’esprit.Motivé ? Envoyer un CV à l’adresse mail suivante, info@marquesconfort.lu ou passer au bureau remettre votre CV.",notfound,il y a 4 jours,False,/rc/clk?jk=4b4c2eb41412f33e&fccid=2939b00ba122eed2&vjs=3
emb électricité,Electriciens qualifiés m/f,Titulaire du CATP et capable de réaliser des installations et des réparations d'appareils électriques d'une façon autonome.Expérience minimum de 5 ans.,notfound,il y a 4 jours,False,/rc/clk?jk=a4546e738fece39b&fccid=70702bc7a66a76de&vjs=3
emb électricité,Techniciens en courant faible m/f,"Vous prenez en charge les missions de maintenance de nos installations, gérez les dépannages plus ou moins complexes et vous êtes garant de leur bonne…",notfound,il y a 4 jours,False,/rc/clk?jk=f0876c555c7348f2&fccid=70702bc7a66a76de&vjs=3
Foyer,Online Sales Assistant Internship (m/f),"Since its foundation, FOYER has become Luxembourg's primary insurance provider thanks to its unerring ability to listen and respond to its customers' needs.",notfound,il y a 4 jours,False,/rc/clk?jk=32ce31b85ec83afb&fccid=cc4567f5f98d6c7c&vjs=3
European Investment Bank,Head of Data Governance Unit,The unit is responsible for the policies and procedures in the domain of data governance: 1) data quality management; 2) business glossary and metadata…,Luxembourg,il y a 15 jours,True,/pagead/clk?mo=r&ad=-6NYlbfkN0CC0A5x5g5_TQfmtzgnBY2xgu_zulWeIlTtfn41nOY8lEP9YxjDU6X9uf7MxH4PBXEy24w8v9fgjd9l0L-cbdiUTYhT18ADLg0X3eRnfcj3IWNiEP0e4pKgFSYeQCp6P_NJCBu6vaeMJhUV7Xx0gMAsGtssdXEawsQz68iwPc-ShoCtaIUSHec7WoMWxkRhrEXkY0-OD6j-IhmvxCJ4YlV_Y5PRKlLUZbHoUi6iKnlRIvf7NeiN6fhG8YJoOGEPX3YKO_Mj2JPtC_8eEH9raC-suxmk6Ydw_tAah0rJI_QVK_MSws_fZrjdR4hqGgm7NdF-QOX2lrK8hr9Y3x83s9evFS7LMKW8vC6ialrM5Zngyb63HNaed-wfH8DF4ujYp86eUUxA-LtT-Vqg6-79bkRS_zItqHRSx5dLJ9m4aR_-pNdE-nnUhqOqeFAdqe6TR2gXy8ByaDnZU0Aqy187dAm0uhNeSSUSTXTd6V7zOUcXO39aXFb0kTXiHbU7LQq5PmpRaH6v643K4g==&p=14&fvj=0&vjs=3
XL REAL ESTATE,Commercial en immobilier / Agent immobilier,Vous avez un profil commercial et vous aimez les challenges?Le secteur de l’Immobilier vous motive?Vous êtes autonome et avez l’esprit entrepreneur?,Bettembourg,il y a 5 jours,True,/pagead/clk?mo=r&ad=-6NYlbfkN0ABBmBO-uCKMA27SR0Bhlk6nDiHjccy699n5ypODk9_rCDsNonnwLcTxkzVSCUP5gnGY515zyjxxyoR4HH1RnauvWFxYO_wk7UHCNLQQLtx0fAWo0X61UzueUu0aIofjz2c75gDCdMnmD8iqK0uTby3WUWGb4DpgH2J-yZ2r0LK1BotMmtiFbKeNK-UuVkx7w7SU2GqcHcLyWgHqUtSHYRnf5vQDdsT_Lg6CtpaPni-oEmdwNTXeglBwOd8q2Tu7ZKhKf5lcc-WlzPrnb3XHm4ZG8n39KbB56YearHvBIwy0wdJU0ck1flLGJEhh2W99tzmTJWJHdFeaq9w86JkBJGQhaK-lk0AMt8boZq1L_EMB8U4WgOFdBooeLnsnmZStKKaD5L17zK2qlB8wXrBnWz3q-xZimnZqW2HPb21fGVJGA4F_HgUeNnSt5XKB6s6dqExbi1JxBoHOUsqG0CoECMXHZ0q-zlShTw=&p=15&fvj=1&vjs=3
kit et colle,Commercial Freelance,Retournez à l'école avec le sourire !*.Depuis 18 ans nous créons avec bonheur des maquettes en carton pour les écoliers (www.kitetcolle.com ).,Luxembourg,il y a 27 jours,True,/pagead/clk?mo=r&ad=-6NYlbfkN0B3IFvevqE3fz66W9I1sHGUWMeTTXq6ECuMNX8AyqDMDD57aCA5dBJIp5mtYA4yXTCVr4jNe2TFs6DTsma4eYtBON1NFM7qhwILEQ8GhkSvFcDSLDULo4tl5sOOw7OLynLCkmAMle9XVg-B07UjHre6rMDR9IhEmK2gJA5aiWCFqNjb2txS4QK5mpNk4KdePs0dHR6gS-k4o4aHk2vC0-nwdKh57sm40A5EmvQL4uxMjZ_T0FII2mA4qrr5cB2FG96ACEjCJhTE5YHaJiTJnf6xKZKqKQd9_da71ycwhtndvv9DLWD45wfXm_om1Tpjeww2oe_566momLt02iwH6s60RPkYwPQe1zxgkV7rwRvhgSZYl5rb7MBkhGYcW-UBM3b0ENMpbijTyR5md5oXcSd3mb_LtBVe0eF6xGpD4hUewb2mUiO68ziZH-5jf5ZgCqQ=&p=16&fvj=1&vjs=3
entreprise,poste,desc,lieu,depuis,sponso,url
Burger King,Crew,"Vous participez activement au bon déroulement du restaurant.En tant qu’équipier polyvalent, vous réalisez les divers défis en cuisine, en caisse et en salle.",Foetz,il y a 10 jours,True,/pagead/clk?mo=r&ad=-6NYlbfkN0AfmiaNoKdgZeIORxd6_82FZ6a_cKcdLYVlGIs7Hwg3DRM4CzSbX5i8gNlF1LJMp20PrrUSXs1K4IbtCGvgeRVqdkhU562owdDBlCK1WBi08vHn38RkKN6sN_9idibK4UHLVcNM2fnieLQE7O-WhTdxt73goNjtVuC33SF_l8F_Pj3UeYHaf7w91BjjYxr9c5vGzIvyk148ifhFf7kh8rywCeVMPv5Tz20sylr0dE82ptqPuv5pZfLGCr8_JWmohq7GBToo3RtRfqI8RHQuZbam_tg7eEe148r1VO2x1gOSC3hJSin1eu0imzwwRaOwWrGwmykQMHcO5dub3AsRj9m07cG2mpOedrDMy8xVU-P5Y90GlTKUH_nCYJtYkMoEGrGeaMtPDnhXGxyal8QaCIet6XZYvbprVg0_o3B7IgGJaMiBbcBN-hwd&p=0&fvj=1&vjs=3
Quick,Shiftleader,Vous avez de préférence une première expérience professionnelle dans la restauration.C’est tout ce qui fait la force de son identité et ce qui lui a permis de…,Esch-sur-Alzette,il y a 10 jours,True,/pagead/clk?mo=r&ad=-6NYlbfkN0AfmiaNoKdgZeIORxd6_82FZ6a_cKcdLYVlGIs7Hwg3DRM4CzSbX5i8gNlF1LJMp20PrrUSXs1K4ONLVD7teeP_L5ohBSuLCMqPP8EmkUciJbJv8h6p69HCsg96rwC8YVZuKa9fVq2awypYhcfGQLQvpJwzMNCxjN5JT9goAYslkNMmhzpS2OfsbDgaz_jEFbwTUvA3Nfwapf6dMWpwAYuZYM-PY5VOVqPW9GFrXoRy5nw_-y1oQ4ibOQAXbMmWkiU2QRi3McEX7xvnZ3-GGclxOQbuEYat7UA-igBAT790sSNZvyMzBO_xDdopRqwpE8KrZyhxMmf6bMjH2U_WowWxKlW7WLBQgWp6TKopKUCb1pyHDTS9gNd56hHoei4uyi_4emYybv59GIAwNCvabRmM6VSmS8OfRIHOWVgmoMBXgnhQ0_sfmzF5EjVch4lP-CU=&p=1&fvj=1&vjs=3
bofrost*,Vendeur - Chauffeur,"En tant que vendeur-conseil, vous rendez visite à vos clients toutes les deux semaines au volant de.Grande importance au développement d’une relation de…",Foetz,il y a 11 jours,True,/pagead/clk?mo=r&ad=-6NYlbfkN0A665qc6HXQmW5zxVuqp4j9W9I_VUd1My6Lj_fOkpiFdfQAyK6EOETYI0EAvsAHUj4D0uYQXIgp7Wsh-yACZXueCU3Udca_hQVUeXdQUL0dFLf5K1vsYEtpMkNrN6lA5hgQsXv4kDB_9IRVjuNtt4k4B1meHFXhfYMgeoNzJXiBOMqexg3v_UlWQd1RjDzlY6kSD3C3gKIfRA_IKWsw48HE9k5Zpwvrczfl0BkXVxwdIoyFM9tjxPw6n3Eca8gtNh28_saPe8GEGDhwg3sMYE2RVU57ciYBiz-7GYybFkDB3XWiuzXcEaTCJ9lj3Gj_fKoNey0wubuQW0rIZdnNo_yEmIexEccePftg5gHqiH5lE2TCcEPPLd-9tpeNy8Cvo5JvMOzG1WZz5adgx9OZlfQuqD_pA-K13eNivVFQC_HISNG2mSethLVf7p4dqIzaiWopm0AfXLEiPFvA_8V1MLndIFvC2t5AQfZYdhCSwIw3I0zQWFqqnokXNe5L_hrFOBxb2k5nnr9CsUGw9INQZ21KZwcMLmvzhIsYhTrU5XLguEvJzS6gXfoJJcw6QcO80zEafSKfH0hw0Jvy2NTjj1x-uN2ivRwLhCJ9PcnUE8e88gM45KVlt9KC&p=2&fvj=1&vjs=3
EYESEN INTERIM,CARRELEURS (H/F),"L'agence EYESEN INTERIM recrute pour un de ses clients, entreprise spécialisée en constuction située au Luxembourg, des :3 à 5 d’expérience dans le domaine.",notfound,il y a 1 jour,False,/company/EYESEN-INTERIM/jobs/Carreleurs-d70170fa8981c5ad?fccid=891bc3586b0b87a3&vjs=3
EYESEN INTERIM,SERRURIERS (H/F),"L'agence EYESEN INTERIM recrute pour un de ses clients, entreprise spécialisée en chaudronnerie, située au Luxembourg , des :5, Rue Geespelt, L3378 - Livange*.",notfound,il y a 1 jour,False,/company/EYESEN-INTERIM/jobs/Serruriers-9013bb40327dc421?fccid=891bc3586b0b87a3&vjs=3
EYESEN INTERIM,MENUISIERS (H/F),"L'agence Eyesen Interim recrute pour un de ses clients spécialisé dans la menuiserie intérieure & extérieure :5, Rue Geespelt - L3378 - Livange.",notfound,il y a 1 jour,False,/company/EYESEN-INTERIM/jobs/Menuisiers-6a55dd035b73585c?fccid=891bc3586b0b87a3&vjs=3
So Media Sarls,Stage - Content Creator,"Vous êtes un(e) créatif/ve né(e) ? vous aimez raconter des histoires à l'aide d'images, de vidéos, de sons et de textes?. (très) Attentif/ve aux détails.",notfound,il y a 2 jours,False,/company/So-Media-Sarls/jobs/Stage-6519167f6caeaa6a?fccid=b2cc70cee514b0e5&vjs=3
Staff,CHARGE RELATION MIDDLE OFFICE PRIVATE BANKING,Le/la Chargé(e) de Relation Middle-Office participe au fonctionnement optimal du service dans le traitement des opérations et dans la qualité du service clients…,notfound,il y a 3 jours,False,/rc/clk?jk=c588d5cab10f48f8&fccid=dd616958bd9ddc12&vjs=3
ASAAG,Mécanicien confirmé auto/moto,"Une première expérience au sein d'une concession ou d'un garage automobile de 5 années minimum.Nous recherchons pour l'un de nos clients, le garage AUTO CAT…",notfound,il y a 3 jours,False,/rc/clk?jk=58bbe43377610c0c&fccid=477534b03b271bfc&vjs=3
Marques Confort,Monteurs et aides monteurs,"Dynamiques et ouvert d’esprit.Motivé ? Envoyer un CV à l’adresse mail suivante, info@marquesconfort.lu ou passer au bureau remettre votre CV.",notfound,il y a 4 jours,False,/rc/clk?jk=4b4c2eb41412f33e&fccid=2939b00ba122eed2&vjs=3
emb électricité,Electriciens qualifiés m/f,Titulaire du CATP et capable de réaliser des installations et des réparations d'appareils électriques d'une façon autonome.Expérience minimum de 5 ans.,notfound,il y a 4 jours,False,/rc/clk?jk=a4546e738fece39b&fccid=70702bc7a66a76de&vjs=3
emb électricité,Techniciens en courant faible m/f,"Vous prenez en charge les missions de maintenance de nos installations, gérez les dépannages plus ou moins complexes et vous êtes garant de leur bonne…",notfound,il y a 4 jours,False,/rc/clk?jk=f0876c555c7348f2&fccid=70702bc7a66a76de&vjs=3
Foyer,Online Sales Assistant Internship (m/f),"Since its foundation, FOYER has become Luxembourg's primary insurance provider thanks to its unerring ability to listen and respond to its customers' needs.",notfound,il y a 4 jours,False,/rc/clk?jk=32ce31b85ec83afb&fccid=cc4567f5f98d6c7c&vjs=3
Lidl,Jobiste magasins (h/f) - Foetz,Vous cherchez un job étudiant agréable avec beaucoup de variation?Vous aimez le contact avec les clients?Lidl garantit l’amabilité envers ses clients et des…,Mondercange,il y a 14 jours,True,/pagead/clk?mo=r&ad=-6NYlbfkN0BwChchxIFvl0IIcBiuzUzcfBlmP5y6UlopYSIg_MGjMIzNzC1rOnmJR51umFe7Y8rO7zY2lBESQQ4jl7URIvvI5RrvgyerpakWLYDM8yDnX7LoAkgkCd8wKJliXBMZ19MnGsrOvBHBL-rYoaTHhaFHgGMrKdj46jRNyeDz7RW_8fcn4tuMbbk5eLcPkBqnNezha0KhEjaYvgofSApFMn0wyxIoYmG6AxzklcNhUhXWX0yuJRxfPXRtDyBlGe0JGfxDrLOr1gIxmC6p4Q67zdqqm74z-jWhVwA140q1t3SPn9BDmE4Lc14aSKQqoTwD4qg7Bx6Uf08qFmGR9eAoUFwlxYDGB1MZjyXrI_oGmQWN2RPjgSR3ctjtCSM5Jnf1lGVYUcLtQiUb7251xAnF5DU3vUbUnyxcoJGGm8NL63BkHCDs9sUbqlBuZySD-FuONEy3p9bKBiP-yXhg3pQfvUgsWXWFGCHkk8Lna7pSsA1Pt70oXpQRf063diJImiWXhFGu7yoH2YfiKtOzrrhtuu_POhVWNaFtHC714oCjgxN1JgxXT-yVS1fAzayekXgiDKquEvOF4e7zo7n4PzWmwSrPTGgWh3BJtn0Nc6AERVF0OjHN9EiXGn1scf_osVZFbsy1SYAL1LSDIoULyGR6q4hQmnoV_K-sXcyovh_Y4klHHoQRAzzCZv5f1GtiUhM96A2dVUN17d-uYwS64W2nynBxpaQMs9eoAIFE2Gj1xg9n2g==&p=13&fvj=0&vjs=3
European Investment Bank,Head of Data Governance Unit,The unit is responsible for the policies and procedures in the domain of data governance: 1) data quality management; 2) business glossary and metadata…,Luxembourg,il y a 15 jours,True,/pagead/clk?mo=r&ad=-6NYlbfkN0CC0A5x5g5_TQfmtzgnBY2xgu_zulWeIlTtfn41nOY8lEP9YxjDU6X9uf7MxH4PBXEy24w8v9fgjd9l0L-cbdiUTYhT18ADLg0X3eRnfcj3IWNiEP0e4pKgFSYeQCp6P_NJCBu6vaeMJhUV7Xx0gMAsGtssdXEawsT7XcfoF4FhaQvZn0V383X1qBsPhvfo61ifo2NF_IVo2fVvEIiYOpTux4iA5iDVn7ALUj0e67GDF_aHZG4-cXOlFs5HrWb3zJef-GGMKmLwq7xIP-FWCO01oNw_T2_F0GZF4f49cs5MPrHQkTewXWGwT9vfIRrcyjXsQymLHLg0t7YXiwOvmPB10oF5pxaPUUO5nmBVY0i9uKptxjuYuU2UUJTk_i9yHsi3k9W6LLeBqFR73ZXKYjc00nlXTs5zpp3VzkRWFGhJiqUTaxwD-7UMR9raDMNLKOh37jmsWXSejbwjiPXTtkifZavkwR4UyqYV6RuV76utMYlda0MHT3stPT4vKnoOydF1rytowIlH2A==&p=14&fvj=0&vjs=3
XL REAL ESTATE,Commercial en immobilier / Agent immobilier,Vous avez un profil commercial et vous aimez les challenges?Le secteur de l’Immobilier vous motive?Vous êtes autonome et avez l’esprit entrepreneur?,Bettembourg,il y a 5 jours,True,/pagead/clk?mo=r&ad=-6NYlbfkN0ABBmBO-uCKMA27SR0Bhlk6nDiHjccy699n5ypODk9_rCDsNonnwLcTxkzVSCUP5gnGY515zyjxxyoR4HH1RnauvWFxYO_wk7UHCNLQQLtx0fAWo0X61UzueUu0aIofjz2c75gDCdMnmD8iqK0uTby3WUWGb4DpgH2J-yZ2r0LK1BotMmtiFbKejoT_8GvzKNcfnEVNQHO91k4W7kdI9PpJneOMJxAihu8srTGhGacskcNZRgKkPervlC6sSyJJRzPRMa6ucFCagEJpr2W08HKWcsCqQhSWBNh8FmjasnIXRhijhLPcI8TCRVzLv1X1BNShK4fqUPHBu_ou69f0m1U4XiKvpiObTQRn2gSLpZTxmVoL0EZhfPhMjaLNAQW4Pyq5EXLrgHqf7eGAbYaGfYKVtm-5EuTFi5LVagiX-74sqAogp-vYEW1tc_cb-mHzGQ2OVpEqWoMze-HqmgTvnhUgj3ULFlATPLw=&p=15&fvj=1&vjs=3
entreprise,poste,desc,lieu,depuis,sponso,url
Burger King,Crew,"Vous participez activement au bon déroulement du restaurant.En tant qu’équipier polyvalent, vous réalisez les divers défis en cuisine, en caisse et en salle.",Foetz,il y a 10 jours,True,/pagead/clk?mo=r&ad=-6NYlbfkN0AfmiaNoKdgZeIORxd6_82FZ6a_cKcdLYVlGIs7Hwg3DRM4CzSbX5i8gNlF1LJMp20PrrUSXs1K4IbtCGvgeRVqdkhU562owdDBlCK1WBi08vHn38RkKN6sN_9idibK4UHLVcNM2fnieLQE7O-WhTdxt73goNjtVuC33SF_l8F_Pj3UeYHaf7w9m36vr4yCmGZTUuZXg5k_HKrgO5lKyy1N6_TyYJRIf7zLJO8K7XDQB_eCBXbc9SiXaq2Rm8ZokSulVEkEDz_zdZxwKdSd7ioyM5E22l-tQi1MiON87gIQ7aL4mIHfsZHdO0jFuNuhCaYV1JepnbtYKTx3ozG6vmZ1yq8fXFhU6HC-WLYRGFDaPbB2Udu0EXrtd4UICWtfUJ13vXmoehUgPLTHkGBB0133AV3uM3Ys2631__MceeU5fd-C9aldZtYU&p=0&fvj=1&vjs=3
Quick,Shiftleader,Vous avez de préférence une première expérience professionnelle dans la restauration.C’est tout ce qui fait la force de son identité et ce qui lui a permis de…,Esch-sur-Alzette,il y a 10 jours,True,/pagead/clk?mo=r&ad=-6NYlbfkN0AfmiaNoKdgZeIORxd6_82FZ6a_cKcdLYVlGIs7Hwg3DRM4CzSbX5i8gNlF1LJMp20PrrUSXs1K4ONLVD7teeP_L5ohBSuLCMqPP8EmkUciJbJv8h6p69HCsg96rwC8YVZuKa9fVq2awypYhcfGQLQvpJwzMNCxjN5JT9goAYslkNMmhzpS2OfsDs9UaY5VERrYrEjPMA1yllvq_mK3rPmHaWpReJCzHm1P1c38GfEQujG5qPOkLc9nrpC-F1SYR9GGuH7JeIY-g3h_njbuamW0Z347msN82dFwEJi_bg-M55mpbXstrw_LP_IHEp07uDmp_ERRUSgGFjq9Mfdk9pz2M6WkCCLAS10sNu96ZciMInTIiaiu49E9ZAqfAVpHiCJ1vEA7Gt9sL0nF3OxQCn9nt_52FaGspBrNuuv9GGt8lh9DNdmx-Hzbs0De8_1ztF0=&p=1&fvj=1&vjs=3
bofrost*,Vendeur - Chauffeur,"En tant que vendeur-conseil, vous rendez visite à vos clients toutes les deux semaines au volant de.Grande importance au développement d’une relation de…",Foetz,il y a 11 jours,True,/pagead/clk?mo=r&ad=-6NYlbfkN0A665qc6HXQmW5zxVuqp4j9W9I_VUd1My6Lj_fOkpiFdfQAyK6EOETYI0EAvsAHUj4D0uYQXIgp7Wsh-yACZXueCU3Udca_hQVUeXdQUL0dFLf5K1vsYEtpMkNrN6lA5hgQsXv4kDB_9IRVjuNtt4k4B1meHFXhfYMgeoNzJXiBOMqexg3v_UlWxxe5yfMIGNaludqhz8wzql6uq8vAOcGy7_jBHNJWIgV9NRGkcuUPx-GAjKqyJD3N8jg_-lOWwXF1Tw74aaBEdal9RBneYPyhBUaQbqitWD6KlLafooHJLjt-j9oQmDtVgRg16XCjSUc2fuzBs7E_pTsoU-qiz578-HJ_U-TSiJj6VWgxw0RcEeGLKbwbVwjHfqmCP5rp5l9qG-pKCVE5Rn6ILOXerfadOshBTsf59jp_dCDb6aWnZIWVwe2XTb8AOed1aAFUi7zQHr9FQzehCGhAUfaZQws5zQt9SwGq6rA85cKNp4kgJrqPz5R3hFBSq1BwacXq8Ym4Kqk1QAShjwfKYmmRNMBOxiv_k7TUy-cB3OjahM2ZjaPB9LHRH6kT0JJEJkRsN8nTVBB7bzyTiPJWQeyRAFsJmg3d3AKN81tEaaBfYHahreuKb-VX1tz_&p=2&fvj=1&vjs=3
EYESEN INTERIM,CARRELEURS (H/F),"L'agence EYESEN INTERIM recrute pour un de ses clients, entreprise spécialisée en constuction située au Luxembourg, des :3 à 5 d’expérience dans le domaine.",notfound,il y a 1 jour,False,/company/EYESEN-INTERIM/jobs/Carreleurs-d70170fa8981c5ad?fccid=891bc3586b0b87a3&vjs=3
EYESEN INTERIM,SERRURIERS (H/F),"L'agence EYESEN INTERIM recrute pour un de ses clients, entreprise spécialisée en chaudronnerie, située au Luxembourg , des :5, Rue Geespelt, L3378 - Livange*.",notfound,il y a 1 jour,False,/company/EYESEN-INTERIM/jobs/Serruriers-9013bb40327dc421?fccid=891bc3586b0b87a3&vjs=3
EYESEN INTERIM,MENUISIERS (H/F),"L'agence Eyesen Interim recrute pour un de ses clients spécialisé dans la menuiserie intérieure & extérieure :5, Rue Geespelt - L3378 - Livange.",notfound,il y a 1 jour,False,/company/EYESEN-INTERIM/jobs/Menuisiers-6a55dd035b73585c?fccid=891bc3586b0b87a3&vjs=3
So Media Sarls,Stage - Content Creator,"Vous êtes un(e) créatif/ve né(e) ? vous aimez raconter des histoires à l'aide d'images, de vidéos, de sons et de textes?. (très) Attentif/ve aux détails.",notfound,il y a 2 jours,False,/company/So-Media-Sarls/jobs/Stage-6519167f6caeaa6a?fccid=b2cc70cee514b0e5&vjs=3
Staff,CHARGE RELATION MIDDLE OFFICE PRIVATE BANKING,Le/la Chargé(e) de Relation Middle-Office participe au fonctionnement optimal du service dans le traitement des opérations et dans la qualité du service clients…,notfound,il y a 3 jours,False,/rc/clk?jk=c588d5cab10f48f8&fccid=dd616958bd9ddc12&vjs=3
ASAAG,Mécanicien confirmé auto/moto,"Une première expérience au sein d'une concession ou d'un garage automobile de 5 années minimum.Nous recherchons pour l'un de nos clients, le garage AUTO CAT…",notfound,il y a 3 jours,False,/rc/clk?jk=58bbe43377610c0c&fccid=477534b03b271bfc&vjs=3
Marques Confort,Monteurs et aides monteurs,"Dynamiques et ouvert d’esprit.Motivé ? Envoyer un CV à l’adresse mail suivante, info@marquesconfort.lu ou passer au bureau remettre votre CV.",notfound,il y a 4 jours,False,/rc/clk?jk=4b4c2eb41412f33e&fccid=2939b00ba122eed2&vjs=3
emb électricité,Electriciens qualifiés m/f,Titulaire du CATP et capable de réaliser des installations et des réparations d'appareils électriques d'une façon autonome.Expérience minimum de 5 ans.,notfound,il y a 4 jours,False,/rc/clk?jk=a4546e738fece39b&fccid=70702bc7a66a76de&vjs=3
emb électricité,Techniciens en courant faible m/f,"Vous prenez en charge les missions de maintenance de nos installations, gérez les dépannages plus ou moins complexes et vous êtes garant de leur bonne…",notfound,il y a 4 jours,False,/rc/clk?jk=f0876c555c7348f2&fccid=70702bc7a66a76de&vjs=3
Foyer,Online Sales Assistant Internship (m/f),"Since its foundation, FOYER has become Luxembourg's primary insurance provider thanks to its unerring ability to listen and respond to its customers' needs.",notfound,il y a 4 jours,False,/rc/clk?jk=32ce31b85ec83afb&fccid=cc4567f5f98d6c7c&vjs=3
Lidl,Jobiste magasins (h/f) - Foetz,Vous cherchez un job étudiant agréable avec beaucoup de variation?Vous aimez le contact avec les clients?Lidl garantit l’amabilité envers ses clients et des…,Mondercange,il y a 14 jours,True,/pagead/clk?mo=r&ad=-6NYlbfkN0BwChchxIFvl0IIcBiuzUzcfBlmP5y6UlopYSIg_MGjMIzNzC1rOnmJR51umFe7Y8rO7zY2lBESQQ4jl7URIvvI5RrvgyerpakWLYDM8yDnX7LoAkgkCd8wKJliXBMZ19MnGsrOvBHBL-rYoaTHhaFHgGMrKdj46jRNyeDz7RW_8fcn4tuMbbk5eLcPkBqnNezha0KhEjaYvgofSApFMn0wM5kwr3_ZALyIPCgvwuF1MBsKCkCfzW6smF4cVS2wYqmP5teAgryQ-3LEc_qGihMyHhbIs26mg3fNj8xgKvNhZoERrrnGz5eRECv63b-OUgOpuLpKu_67_77HtKJ2PUwGH7R5Pc5Fmsc_llsWjg85YEpZRbzCCpnuFf_-kDSyttrZdcJiXVUqpCFBfp5Qo2Raf0sgrSBAYdsBBCnsf5V0OBaV5et4dOwqoFZFu1HdBFuHosZ5D-IcB_UVdkbmI0LwUo8OCt0E5HvWh55BHcfoyx2i2jmjMC5RkctNrEh8YFmOrGsptcHDpAuz_keplU1eFukgWIjydsvDZCnQ3rUY_ZkajS_HlTsp0uD3tZMKT8fCgwlyLDSeYX3N0rAXwK7PciCTZmpHcWZ9u2-sl40DGZ8ONxr-YcGfRb2bx5wMxAVO_eq7gvVDM3anuryB1DzZOFATvwwjikNQ0G1_x6WRyOBMTupvyrY_v_AZ0hRsnDfLH4sydBpn0C2yiOJHvZH0xOuoEMymBhKMGE-vZw8l2w==&p=13&fvj=0&vjs=3
European Investment Bank,Head of Data Governance Unit,The unit is responsible for the policies and procedures in the domain of data governance: 1) data quality management; 2) business glossary and metadata…,Luxembourg,il y a 15 jours,True,/pagead/clk?mo=r&ad=-6NYlbfkN0CC0A5x5g5_TQfmtzgnBY2xgu_zulWeIlTtfn41nOY8lEP9YxjDU6X9uf7MxH4PBXEy24w8v9fgjd9l0L-cbdiUTYhT18ADLg0X3eRnfcj3IWNiEP0e4pKgFSYeQCp6P_NJCBu6vaeMJhUV7Xx0gMAsGtssdXEawsR4Lt7YpuX-lBcXvEIw7b9xizJgfs0ko7QukpnSSVcJLdz6o4HIu80aX7mJ3-Gq1B7VC-pzdDRdiggDCYCSLSnrxB22GItwZBP3PzYmHacPQuJZbPEUtIevV2HstAlKwzE5eL5uEJUI80g9Ipi4xouR71epXpRUNMSfLYNT3Lny_7pTcmw607lvwe_va7E3u9a7P0aHLjlLpeI11mhptkTPSlB5VZ-AX1j3YQyGW-EF5Y2NrwYCpZvAEVC48MfqosEt1-jwCqOl5UYXD3-W1Ucszd-S_FHYOnWDqLJhzaqcNJPRuuV9OS3A4y_adHebjnha6CQmvDQkIvzAwdN4k5kIXBy-NOy2ayt8lr9RGexp3w==&p=14&fvj=0&vjs=3
XL REAL ESTATE,Commercial en immobilier / Agent immobilier,Vous avez un profil commercial et vous aimez les challenges?Le secteur de l’Immobilier vous motive?Vous êtes autonome et avez l’esprit entrepreneur?,Bettembourg,il y a 5 jours,True,/pagead/clk?mo=r&ad=-6NYlbfkN0ABBmBO-uCKMA27SR0Bhlk6nDiHjccy699n5ypODk9_rCDsNonnwLcTxkzVSCUP5gnGY515zyjxxyoR4HH1RnauvWFxYO_wk7UHCNLQQLtx0fAWo0X61UzueUu0aIofjz2c75gDCdMnmD8iqK0uTby3WUWGb4DpgH2J-yZ2r0LK1BotMmtiFbKe5Xa4wZU7kIuGdsq89yUN3Cqm4OCPvjaGjCDO5-xG9ynP0B-xcd59tx-pSEpC9neimcGiumGzNWtaZkpG5Uy-bZQuiKijSWL--qmc0o_7HQxRivlUmj20ncaCugTTpqcFf5GqT_UwJKQT3sYpOl7EOZMlzxldzuSRnUfW-yO2i2mpapKKyAj7-_-L0GWVclOxap50FE3kiI8RCy6Wpi5QDmoRzhAhKHX21bWdqzKP0MM7jNI9NvgZ44TK5rQrua1o0SA9lENCKQ9rMUOkrn74PBbS8yPjvpz6j7O7Jqd9OP0=&p=15&fvj=1&vjs=3
entreprise,poste,desc,lieu,depuis,sponso,url
Burger King,Crew,"Vous participez activement au bon déroulement du restaurant.En tant qu’équipier polyvalent, vous réalisez les divers défis en cuisine, en caisse et en salle.",Foetz,il y a 10 jours,True,/pagead/clk?mo=r&ad=-6NYlbfkN0AfmiaNoKdgZeIORxd6_82FZ6a_cKcdLYVlGIs7Hwg3DRM4CzSbX5i8gNlF1LJMp20PrrUSXs1K4IbtCGvgeRVqdkhU562owdDBlCK1WBi08vHn38RkKN6sN_9idibK4UHLVcNM2fnieLQE7O-WhTdxt73goNjtVuC33SF_l8F_Pj3UeYHaf7w9sxJ9i2TPajOWJfMFfnJ67cemXjnFOqcV9K_ivUrh9SzEEoqahv5qfbscW-W9cqfcWr5MF25yN_aFpEAtZTxYH8mhpiGWWupQTgwSG2tlpyouwXYsr3Ntl83k2o1LA32WYW7by74wjl9Jd6pNI2rNJwvrPorVKNKqzZIv_xGlc7xGRw9FywyCXe-3xGphUbyxhS6ECudS9tdGsITja3NSvTVw6VasDrjRKLH7P6cqCnX7EKL7jqlsEk5TxdX_bmL3&p=0&fvj=1&vjs=3
Quick,Shiftleader,Vous avez de préférence une première expérience professionnelle dans la restauration.C’est tout ce qui fait la force de son identité et ce qui lui a permis de…,Esch-sur-Alzette,il y a 10 jours,True,/pagead/clk?mo=r&ad=-6NYlbfkN0AfmiaNoKdgZeIORxd6_82FZ6a_cKcdLYVlGIs7Hwg3DRM4CzSbX5i8gNlF1LJMp20PrrUSXs1K4ONLVD7teeP_L5ohBSuLCMqPP8EmkUciJbJv8h6p69HCsg96rwC8YVZuKa9fVq2awypYhcfGQLQvpJwzMNCxjN5JT9goAYslkNMmhzpS2Ofs5B2EV3UTJuaA2fX-gO9oQ_3tjKJA3NrLwgDjWrFZw4MpRw4v4SOnbbIcR6wwbJ3s9slHGNQDaFXQjWwNk3e5xbS22aHyxveirigbjuhxFus2PKILTppC8PMIGM6i8hE9hyGnYwKawcaK1nk4dYPUD0o7H0o_Y9k4ssN-xvQ8hmc85EK989sg4cDzXcqKMuFP3mq4EGzlinb0Ni91hHqvAsfgyHnbs57dOLBuhd0Ot0wTNthKTbULoOX7LPl85ylE61y-LU0xqSA=&p=1&fvj=1&vjs=3
bofrost*,Vendeur - Chauffeur,"En tant que vendeur-conseil, vous rendez visite à vos clients toutes les deux semaines au volant de.Grande importance au développement d’une relation de…",Foetz,il y a 11 jours,True,/pagead/clk?mo=r&ad=-6NYlbfkN0A665qc6HXQmW5zxVuqp4j9W9I_VUd1My6Lj_fOkpiFdfQAyK6EOETYI0EAvsAHUj4D0uYQXIgp7Wsh-yACZXueCU3Udca_hQVUeXdQUL0dFLf5K1vsYEtpMkNrN6lA5hgQsXv4kDB_9IRVjuNtt4k4B1meHFXhfYMgeoNzJXiBOMqexg3v_UlWaVj8RKRpS1R4Og-r-EXdE66Skv3kSKFghDvcVcUfy1hJVXFyQhIEAEQIH5ncVHHqfBgX6cOKIxP5yhozQc0ullplcZGsYcA8UH9pyG3tnATyAU3Ex1A1U-Lu6WXDrIK3e8WQt6htG5qrZxV1YdN9t6hpGUOO4aGDtZZuZbYrbUc9Qa7jjuia1Y8KQxoxzk_bB5OpWCLEt5P-__dUX0gaSr_eHecSXVGg2sznz0dkXTE6qw1Ct7d71im0D2s0Ay7_gl98-OvJm5DBakJ5DtyRMnxliKrqSGUDulBy2l8Ff2e-2vQ_XbAXVUoGn2pRmIrTlN8a8Aky5xXRKrvFTl6vGefS2UUgpBjD09Oky6_aVKNCRBNlP6FrkUbO6H4gjuu8SNd7GbhKapYMSy57Ek94J8VQCgaU4KT8_O1bTAWaQ7Rj88I54fI8ZAQb4UlGCLgo&p=2&fvj=1&vjs=3
EYESEN INTERIM,CARRELEURS (H/F),"L'agence EYESEN INTERIM recrute pour un de ses clients, entreprise spécialisée en constuction située au Luxembourg, des :3 à 5 d’expérience dans le domaine.",notfound,il y a 1 jour,False,/company/EYESEN-INTERIM/jobs/Carreleurs-d70170fa8981c5ad?fccid=891bc3586b0b87a3&vjs=3
EYESEN INTERIM,SERRURIERS (H/F),"L'agence EYESEN INTERIM recrute pour un de ses clients, entreprise spécialisée en chaudronnerie, située au Luxembourg , des :5, Rue Geespelt, L3378 - Livange*.",notfound,il y a 1 jour,False,/company/EYESEN-INTERIM/jobs/Serruriers-9013bb40327dc421?fccid=891bc3586b0b87a3&vjs=3
EYESEN INTERIM,MENUISIERS (H/F),"L'agence Eyesen Interim recrute pour un de ses clients spécialisé dans la menuiserie intérieure & extérieure :5, Rue Geespelt - L3378 - Livange.",notfound,il y a 1 jour,False,/company/EYESEN-INTERIM/jobs/Menuisiers-6a55dd035b73585c?fccid=891bc3586b0b87a3&vjs=3
So Media Sarls,Stage - Content Creator,"Vous êtes un(e) créatif/ve né(e) ? vous aimez raconter des histoires à l'aide d'images, de vidéos, de sons et de textes?. (très) Attentif/ve aux détails.",notfound,il y a 2 jours,False,/company/So-Media-Sarls/jobs/Stage-6519167f6caeaa6a?fccid=b2cc70cee514b0e5&vjs=3
Staff,CHARGE RELATION MIDDLE OFFICE PRIVATE BANKING,Le/la Chargé(e) de Relation Middle-Office participe au fonctionnement optimal du service dans le traitement des opérations et dans la qualité du service clients…,notfound,il y a 3 jours,False,/rc/clk?jk=c588d5cab10f48f8&fccid=dd616958bd9ddc12&vjs=3
ASAAG,Mécanicien confirmé auto/moto,"Une première expérience au sein d'une concession ou d'un garage automobile de 5 années minimum.Nous recherchons pour l'un de nos clients, le garage AUTO CAT…",notfound,il y a 3 jours,False,/rc/clk?jk=58bbe43377610c0c&fccid=477534b03b271bfc&vjs=3
Marques Confort,Monteurs et aides monteurs,"Dynamiques et ouvert d’esprit.Motivé ? Envoyer un CV à l’adresse mail suivante, info@marquesconfort.lu ou passer au bureau remettre votre CV.",notfound,il y a 4 jours,False,/rc/clk?jk=4b4c2eb41412f33e&fccid=2939b00ba122eed2&vjs=3
emb électricité,Electriciens qualifiés m/f,Titulaire du CATP et capable de réaliser des installations et des réparations d'appareils électriques d'une façon autonome.Expérience minimum de 5 ans.,notfound,il y a 4 jours,False,/rc/clk?jk=a4546e738fece39b&fccid=70702bc7a66a76de&vjs=3
emb électricité,Techniciens en courant faible m/f,"Vous prenez en charge les missions de maintenance de nos installations, gérez les dépannages plus ou moins complexes et vous êtes garant de leur bonne…",notfound,il y a 4 jours,False,/rc/clk?jk=f0876c555c7348f2&fccid=70702bc7a66a76de&vjs=3
Foyer,Online Sales Assistant Internship (m/f),"Since its foundation, FOYER has become Luxembourg's primary insurance provider thanks to its unerring ability to listen and respond to its customers' needs.",notfound,il y a 4 jours,False,/rc/clk?jk=32ce31b85ec83afb&fccid=cc4567f5f98d6c7c&vjs=3
Lidl,Jobiste magasins (h/f) - Foetz,Vous cherchez un job étudiant agréable avec beaucoup de variation?Vous aimez le contact avec les clients?Lidl garantit l’amabilité envers ses clients et des…,Mondercange,il y a 14 jours,True,/pagead/clk?mo=r&ad=-6NYlbfkN0BwChchxIFvl0IIcBiuzUzcfBlmP5y6UlopYSIg_MGjMIzNzC1rOnmJR51umFe7Y8rO7zY2lBESQQ4jl7URIvvI5RrvgyerpakWLYDM8yDnX7LoAkgkCd8wKJliXBMZ19MnGsrOvBHBL-rYoaTHhaFHgGMrKdj46jRNyeDz7RW_8fcn4tuMbbk5eLcPkBqnNezha0KhEjaYvgofSApFMn0wmMYugAkUJnk2BkVfltdm2fUvxRsVZy20wJLWj-a3kjxdlTySyQTPJ8LHaLwcZoWoIPaT5RZjAj3df-nzy0EXVcSylhh_U162iG7VaZVx0Tx430eXkCs-VCn8vtcO23eWzKxKKZmw_BQvSLTvFEkSkonYY_pL1nzNfu_H8O0B8wFFpW8_VIJ04jxoqRUBFsw1NcCrwaptxK_0yHDZCeHW1bAj1Cn3FBOcCht-VHRE9Ep1f0Lv7n3Ol7dbnjTQE2RnFWMY0qegG76Wa0eRsx50by4QISRSHriU3piGMuKL1-mieLqdSTPEOwwtlSlcwwUpDi6zrnL1--buQ4clVjfFtFVfofbxXGkMcyZ3L3mbAjoc219_j0ccvmxEO-R9Vem3Ya7cd3D-LULCL-el7QV7_W66HXDjXZqLXqDvkqVxAKrqi-ceztvUBLRfAcThf5o9smo_hejT7CeGSwKS2ZyP1lTrFEvww_06xNhQJPpw1rS-pb_4I8UXrMp4KqCn6kS0UR9v_jCUwLNOSrwrAM-5Ig==&p=13&fvj=0&vjs=3
European Investment Bank,Head of Data Governance Unit,The unit is responsible for the policies and procedures in the domain of data governance: 1) data quality management; 2) business glossary and metadata…,Luxembourg,il y a 15 jours,True,/pagead/clk?mo=r&ad=-6NYlbfkN0CC0A5x5g5_TQfmtzgnBY2xgu_zulWeIlTtfn41nOY8lEP9YxjDU6X9uf7MxH4PBXEy24w8v9fgjd9l0L-cbdiUTYhT18ADLg0X3eRnfcj3IWNiEP0e4pKgFSYeQCp6P_NJCBu6vaeMJhUV7Xx0gMAsGtssdXEawsQAc_fE9SnHtM7m5Qrp8NCO5hx98s7FBXSTqdKo5Hh5IQlu71FUgkTGDk0WzbTUp3vWuP5OR9aT9SpV7GHHAUj1RdysblFI80gdp1zbPw_DyCzKsz069EkijfA4Pw1ZUJo6hUpzG7sMVsS64RPcN7MpboVFKbMo213DZsnECYlhcROWpZTYQwlEFU-u9sYGQsuPies3jOgyExNCkzP9MQSUU7iscVPy7AFjVbXNCmHrup5xdVFEBCYnpLzZ9g5nH7eIkw5gnrCjrSHC7Qt0CiFMmK-Ax-IU7okJCclm2KDFAlCNWbvUh_y0DmKEW5YTaZak_TSeSX-po9HarIvxji3uK0lPGDq8a0-8sgZjIxTHfA==&p=14&fvj=0&vjs=3
XL REAL ESTATE,Commercial en immobilier / Agent immobilier,Vous avez un profil commercial et vous aimez les challenges?Le secteur de l’Immobilier vous motive?Vous êtes autonome et avez l’esprit entrepreneur?,Bettembourg,il y a 5 jours,True,/pagead/clk?mo=r&ad=-6NYlbfkN0ABBmBO-uCKMA27SR0Bhlk6nDiHjccy699n5ypODk9_rCDsNonnwLcTxkzVSCUP5gnGY515zyjxxyoR4HH1RnauvWFxYO_wk7UHCNLQQLtx0fAWo0X61UzueUu0aIofjz2c75gDCdMnmD8iqK0uTby3WUWGb4DpgH2J-yZ2r0LK1BotMmtiFbKedKewTAsS86H9UJUcf_20rW1ZsVRvy7HSVLkggXn0xzs7l1yUBYJ7s9XS1Axq2U_NZ1ld38yDwPiKOtu5-UUicg5gELkXdMhQ0s7yC_jfoV8JGOSHR2NxPll3exlNz0J5QT6LdNG1HkMGT1VYnAvCJ0PPGS2gK0_99HUYUQlzZ-_i_wNF8fUPdoHl3FHDnVKsKJ4ug4snu4YsNKiZstV83azY4dRevD4AX-gVZp_Q1vZZjIqaACmG-pi8yRmg2gAp_et4U2WWwiBoxzrhWUDw9DAA7hqQRuSn_jqYZDSPqfc=&p=15&fvj=1&vjs=3
entreprise,poste,desc,lieu,depuis,sponso,url
Burger King,Crew,"Vous participez activement au bon déroulement du restaurant.En tant qu’équipier polyvalent, vous réalisez les divers défis en cuisine, en caisse et en salle.",Foetz,il y a 10 jours,True,/pagead/clk?mo=r&ad=-6NYlbfkN0AfmiaNoKdgZeIORxd6_82FZ6a_cKcdLYVlGIs7Hwg3DRM4CzSbX5i8gNlF1LJMp20PrrUSXs1K4IbtCGvgeRVqdkhU562owdDBlCK1WBi08vHn38RkKN6sN_9idibK4UHLVcNM2fnieLQE7O-WhTdxt73goNjtVuC33SF_l8F_Pj3UeYHaf7w9mWVdH66t2SCG-Y5u9HyGk35BXf6SuwZ-moFnopvH8ZoOlDmRYsQujWYFI_zXrZxKiALuwKNyxbyzt_sXG-gqzBURdUgZUCmRWKSFwwjNajhJU2qlCob4MF4EMxJd8gY9Xx__EpwwBMrT-fm2VTOoXaSUbzsdnuBeITtONForQ6FRGHKN2v0QHixPCZXXoQIXqXsOrdAm6BL53RjfWtx16f5U4yva4uajl8OegpzW10WTEIIRw8V7TCM4gm3NgdB_&p=0&fvj=1&vjs=3
Quick,Shiftleader,Vous avez de préférence une première expérience professionnelle dans la restauration.C’est tout ce qui fait la force de son identité et ce qui lui a permis de…,Esch-sur-Alzette,il y a 10 jours,True,/pagead/clk?mo=r&ad=-6NYlbfkN0AfmiaNoKdgZeIORxd6_82FZ6a_cKcdLYVlGIs7Hwg3DRM4CzSbX5i8gNlF1LJMp20PrrUSXs1K4ONLVD7teeP_L5ohBSuLCMqPP8EmkUciJbJv8h6p69HCsg96rwC8YVZuKa9fVq2awypYhcfGQLQvpJwzMNCxjN5JT9goAYslkNMmhzpS2Ofs0JpAea6Wj95YZiYmVNovRBBMZqGeAcC-E38f_7nGYayglUrnxXuZqAhV6O45YWfnoKIylLmO5lp2oM7QlApWyzFSz8gOTYXH115GsYe34P3bl1C-mFoGxfcq3YjXWNK8YMpTJYvIK51pO7a9Ldgl3Jt0QDANH__NfHfEMzU_Cts3mHFWihTLz5-Iz1TjxaWc4i69hcHaHUSgD7-uQwrDYvWorKm_Y4Dc52RdgczwmEV76dx0Cvoqvb3y1x40uQheG7dIRyTbWrU=&p=1&fvj=1&vjs=3
bofrost*,Vendeur - Chauffeur,"En tant que vendeur-conseil, vous rendez visite à vos clients toutes les deux semaines au volant de.Grande importance au développement d’une relation de…",Foetz,il y a 11 jours,True,/pagead/clk?mo=r&ad=-6NYlbfkN0A665qc6HXQmW5zxVuqp4j9W9I_VUd1My6Lj_fOkpiFdfQAyK6EOETYI0EAvsAHUj4D0uYQXIgp7Wsh-yACZXueCU3Udca_hQVUeXdQUL0dFLf5K1vsYEtpMkNrN6lA5hgQsXv4kDB_9IRVjuNtt4k4B1meHFXhfYMgeoNzJXiBOMqexg3v_UlWA01VJiaXwUHsqYEyB3mYyD0yaIv16XLZjSopsPjJ0B5McBVPaDSuJVjqV_db8YRKFHMAJe36Vf9Uy4k0aaSJQUUSPXGlPlQH3r2tjlwuZjsPMLqE7ABVWGCxTPGW6pwL3EyFjsraHhz-3c_vUdyQYmX8JrB1c-bqqpiAveYa-e_a6lzuOJTXITiKSZA1PSkg-xk-yE_xTgQaqfqTOIgRxuDJ3ixYQZPg2qYnUIU-mL8YNa3c1PhAPYaWEdLdktDzOuEsOIV24ozfkkTjK16k6i_D9MInmc1jfqEmvwfEHn3DyyFVESFFzbkqeWMVWp18YtP7b17mFIgkleVqm9glIDSal4c-kPRvVjS7a0QDpIgqHeDbF6D483QHkoj2Rj8slzdacs0RD4rCA1Cf7PAmwSV-eD5an-E6eL_Mg-oAvz1vw91Oh8DPa-wOsDdfaE-h&p=2&fvj=1&vjs=3
Lidl,Jobiste magasins (h/f) - Foetz,Vous cherchez un job étudiant agréable avec beaucoup de variation?Vous aimez le contact avec les clients?Lidl garantit l’amabilité envers ses clients et des…,Mondercange,il y a 14 jours,True,/pagead/clk?mo=r&ad=-6NYlbfkN0BwChchxIFvl0IIcBiuzUzcfBlmP5y6UlopYSIg_MGjMIzNzC1rOnmJR51umFe7Y8rO7zY2lBESQQ4jl7URIvvI5RrvgyerpakWLYDM8yDnX7LoAkgkCd8wKJliXBMZ19MnGsrOvBHBL-rYoaTHhaFHgGMrKdj46jRNyeDz7RW_8fcn4tuMbbk5eLcPkBqnNezha0KhEjaYvgofSApFMn0wyiLTtcOjVNV6FGST6oIprRbvfV9DXXyDYVwco9EMwqwplsEBLVAaRbnFEdgStKlN4Ca062xqEkPfIJVDfTQZFtW8T-P_mXgt8sczI1GBufaOu8_1GuNJAif34nhOarAYsMLMZ39-ipEjY8jWhcnOnOSjnRfNhWsSuOqv919rD0CaASao0PiakgVCd1OCpXV2YiV_eYT4BVvW7hoSQCqCUhM0YP-E5JJJLnrD5m51LmSrB6njxdLb6mBiDPRcBsHjtHQQfLQb7pRma8kMJPTpW0Pp9edx7UQc_a8KjHDru1tKWzudL2vwdKwrmeMeRV4XQaQsmrGFM882y3aGuaK_cl1d3u10cYtR4EtkamcoPaMyjYe9yETtmszzwt89SbqN7EA3_O6gk2VAdayA7im7iJtH1MhzKQ_xHoz0u0UpCXLFitJT3tKVvqAz9_cF4whopIvCGX8dqOVD7cWfl4ynHVv-ODBBoodn8wm2-PuVmKuynO85iOnfXfw2t198QMaxp0kgjcN33vE6wo7FnwEAkQ==&p=3&fvj=0&vjs=3
EYESEN INTERIM,CARRELEURS (H/F),"L'agence EYESEN INTERIM recrute pour un de ses clients, entreprise spécialisée en constuction située au Luxembourg, des :3 à 5 d’expérience dans le domaine.",notfound,il y a 1 jour,False,/company/EYESEN-INTERIM/jobs/Carreleurs-d70170fa8981c5ad?fccid=891bc3586b0b87a3&vjs=3
EYESEN INTERIM,SERRURIERS (H/F),"Assemblage de pièces mécano - soudées à partir d'un plan ou d’un schéma simple.L'agence EYESEN INTERIM recrute pour un de ses clients, entreprise spécialisée…",notfound,il y a 1 jour,False,/company/EYESEN-INTERIM/jobs/Serruriers-9013bb40327dc421?fccid=891bc3586b0b87a3&vjs=3
EYESEN INTERIM,MENUISIERS (H/F),"L'agence Eyesen Interim recrute pour un de ses clients spécialisé dans la menuiserie intérieure & extérieure :5, Rue Geespelt - L3378 - Livange.",notfound,il y a 1 jour,False,/company/EYESEN-INTERIM/jobs/Menuisiers-6a55dd035b73585c?fccid=891bc3586b0b87a3&vjs=3
So Media Sarls,Stage - Content Creator,"Vous êtes un(e) créatif/ve né(e) ?Vous aimez raconter des histoires à l'aide d'images, de vidéos, de sons et de textes?Aisance avec Adobe Creative Suite.",notfound,il y a 2 jours,False,/company/So-Media-Sarls/jobs/Stage-6519167f6caeaa6a?fccid=b2cc70cee514b0e5&vjs=3
Staff,CHARGE RELATION MIDDLE OFFICE PRIVATE BANKING,Le/la Chargé(e) de Relation Middle-Office participe au fonctionnement optimal du service dans le traitement des opérations et dans la qualité du service clients…,notfound,il y a 3 jours,False,/rc/clk?jk=c588d5cab10f48f8&fccid=dd616958bd9ddc12&vjs=3
ASAAG,Mécanicien confirmé auto/moto,"Une première expérience au sein d'une concession ou d'un garage automobile de 5 années minimum.Nous recherchons pour l'un de nos clients, le garage AUTO CAT…",notfound,il y a 3 jours,False,/rc/clk?jk=58bbe43377610c0c&fccid=477534b03b271bfc&vjs=3
Marques Confort,Monteurs et aides monteurs,"Envoyer un CV à l’adresse mail suivante, info@marquesconfort.lu ou passer au bureau remettre votre CV.",notfound,il y a 4 jours,False,/rc/clk?jk=4b4c2eb41412f33e&fccid=2939b00ba122eed2&vjs=3
emb électricité,Electriciens qualifiés m/f,Titulaire du CATP et capable de réaliser des installations et des réparations d'appareils électriques d'une façon autonome.Expérience minimum de 5 ans.,notfound,il y a 4 jours,False,/rc/clk?jk=a4546e738fece39b&fccid=70702bc7a66a76de&vjs=3
emb électricité,Techniciens en courant faible m/f,"Vous prenez en charge les missions de maintenance de nos installations, gérez les dépannages plus ou moins complexes et vous êtes garant de leur bonne…",notfound,il y a 4 jours,False,/rc/clk?jk=f0876c555c7348f2&fccid=70702bc7a66a76de&vjs=3
Foyer,Online Sales Assistant Internship (m/f),"Bachelor Degree Marketing or Management.Since its foundation, FOYER has become Luxembourg's primary insurance provider thanks to its unerring ability to listen…",notfound,il y a 4 jours,False,/rc/clk?jk=32ce31b85ec83afb&fccid=cc4567f5f98d6c7c&vjs=3
European Investment Bank,Head of Data Governance Unit,"Working together with business directorates (mainly Data stewards, Business Analysts but also middle management) and technology partners (IT, Data Warehousing…",Luxembourg,il y a 15 jours,True,/pagead/clk?mo=r&ad=-6NYlbfkN0CC0A5x5g5_TQfmtzgnBY2xgu_zulWeIlTtfn41nOY8lEP9YxjDU6X9uf7MxH4PBXEy24w8v9fgjd9l0L-cbdiUTYhT18ADLg0X3eRnfcj3IWNiEP0e4pKgFSYeQCp6P_NJCBu6vaeMJhUV7Xx0gMAsGtssdXEawsSAX9quW94qgqyulzIKmB_B8ZZ9rabB8TKCt-QOf5e4erNXUYuik0N6dax9eGBJI4Mdha_OQJUNPnV8l6bIj60Sb8cBGtG0Q70kJCRp-ikXemZCFFUwUnY5_c5Gc_emhOFWfVclliV8mAs4f6SzLUADsNf_Xw6TNdDIrzb9sys9L1LKEtN3IywkMmnUAGDCzXsTDnuGiCLahryHWYORl1ddv_bb4H7OtveVtEEZCLBJ1lNiEYcZpWlbmeIHbQt1RkmF9bQNMeQ_7YBj5-puEnQtnIZVMs3YxhzwdSXchvvxfgXSme-E78QqXf02Pq5ehOlzMP_k7B6Z8p8L_ZaSrWP-ix1E5C8lwLcjUJjvVpDN4A==&p=14&fvj=0&vjs=3
XL REAL ESTATE,Commercial en immobilier / Agent immobilier,Profitez d’un système de rémunération attractif avec un commissionnement évolutif en fonction du chiffre d'affaire réalisé dans l'année.,Bettembourg,il y a 5 jours,True,/pagead/clk?mo=r&ad=-6NYlbfkN0ABBmBO-uCKMA27SR0Bhlk6nDiHjccy699n5ypODk9_rCDsNonnwLcTxkzVSCUP5gnGY515zyjxxyoR4HH1RnauvWFxYO_wk7UHCNLQQLtx0fAWo0X61UzueUu0aIofjz2c75gDCdMnmD8iqK0uTby3WUWGb4DpgH2J-yZ2r0LK1BotMmtiFbKetkMTrqVdPFSdaUOXgzbf17P_LLy_NB4t99Kxe7lY7wQpjcZNHSh5d1E-O4_vDbl1ZEyr0VIzjLBRPy8yLgGja2t0HwgpLr2B7nbGFID4CkmogsmVH48sqf-V4C0OB3s4M6Ls2_iIcqMtzjXcKf0gQhQWfD3pH4ugjB_BI0LAueFmYO3-v1YrmWFjdED9Lu19BfkAZ0H9kPsGo56JBP7l1GKkmOQ-AQ_BXc5Lk5DZ1KAtYhW49M6AX-F1quxpYGc7GTCJw3pdSS7xW0hz3tmSO7YLN13HBb5vLObbDuSm8Ec=&p=15&fvj=1&vjs=3
kit et colle,Commercial Freelance,Retournez à l'école avec le sourire !*.Depuis 18 ans nous créons avec bonheur des maquettes en carton pour les écoliers (www.kitetcolle.com ).,Luxembourg,il y a 27 jours,True,/pagead/clk?mo=r&ad=-6NYlbfkN0B3IFvevqE3fz66W9I1sHGUWMeTTXq6ECuMNX8AyqDMDD57aCA5dBJIp5mtYA4yXTCVr4jNe2TFs6DTsma4eYtBON1NFM7qhwILEQ8GhkSvFcDSLDULo4tl5sOOw7OLynLCkmAMle9XVg-B07UjHre6rMDR9IhEmK2gJA5aiWCFqNjb2txS4QK5N4v9bSx9kIxtsApz7u5IrPsjbPdbbwj4yMw864Utg6WOQwXSCXDA_w_4TMxbkRHUGWrlyEA0OECQePVxPoBt5NVccytMRDNamUN6hE3RIgLWuNa-DxU_i7KzpGBKyrCrbAdhMMxsuIOvWStmpPULkOj-xVjDQr_qAvKd3K_xK5xYcX5l4wBhgd7GMn-3qnZV2pF_-fpj0E7HbivEcleQocDdDUa9KQ_vGBOa13X-PN2lE2pihzg_bBJiRMB68Q2GpM4sStuzB4U=&p=16&fvj=1&vjs=3
entreprise,poste,desc,lieu,depuis,sponso,url
Burger King,Crew,"Vous participez activement au bon déroulement du restaurant.En tant qu’équipier polyvalent, vous réalisez les divers défis en cuisine, en caisse et en salle.",Foetz,il y a 10 jours,True,/pagead/clk?mo=r&ad=-6NYlbfkN0AfmiaNoKdgZeIORxd6_82FZ6a_cKcdLYVlGIs7Hwg3DRM4CzSbX5i8gNlF1LJMp20PrrUSXs1K4IbtCGvgeRVqdkhU562owdDBlCK1WBi08vHn38RkKN6sN_9idibK4UHLVcNM2fnieLQE7O-WhTdxt73goNjtVuC33SF_l8F_Pj3UeYHaf7w9S2EF17HgIj5vzo7JyWew_4uSLAuoeKFLfuYUehi59LU9PFWvF0xvRM124Xk8A0vZySmf2T-PdOwG4dQj6WEdqNgFIQus00zSccFxPwc2MAjQMm-blQAQ0Q_3a0p5tmwU5p7QRFPF3SkWZ5BbuNVHyUouOpEknaoMMck70_DhDribBO8vlCPkTiVTF_6-AdV1b1IZ15Ez3AHQOhl5TlsdLDA9WIVguDYkNpiJifFL48uRx4nVVsw_fzSJfPz4-Oq0&p=0&fvj=1&vjs=3
Quick,Shiftleader,Vous avez de préférence une première expérience professionnelle dans la restauration.C’est tout ce qui fait la force de son identité et ce qui lui a permis de…,Esch-sur-Alzette,il y a 10 jours,True,/pagead/clk?mo=r&ad=-6NYlbfkN0AfmiaNoKdgZeIORxd6_82FZ6a_cKcdLYVlGIs7Hwg3DRM4CzSbX5i8gNlF1LJMp20PrrUSXs1K4ONLVD7teeP_L5ohBSuLCMqPP8EmkUciJbJv8h6p69HCsg96rwC8YVZuKa9fVq2awypYhcfGQLQvpJwzMNCxjN5JT9goAYslkNMmhzpS2OfskPGn2D1b9fju3Gqf3s2mGH_mJV1o662uQNt8_k2OPFjS6NwoiDqHbdOQZUresBVegXvundCax443iobEtpISyPLbz7lxjaFd7jRRQBxXSw_pBc58zIeLR1AcNB7YUL0fE9AajeJartvECM4Qy3oYlRAqHNehaOVs97hbJqLmhMtQo-KhhCcByfEktdbMBnCAEMIMKf3dT48ml6ogm7so-N4r76478r21j4I3oVN_1mQaBQ3imyL4HNXeR_Zkmy51Rtlr9zvhxrI=&p=1&fvj=1&vjs=3
bofrost*,Vendeur - Chauffeur,"En tant que vendeur-conseil, vous rendez visite à vos clients toutes les deux semaines au volant de.Grande importance au développement d’une relation de…",Foetz,il y a 11 jours,True,/pagead/clk?mo=r&ad=-6NYlbfkN0A665qc6HXQmW5zxVuqp4j9W9I_VUd1My6Lj_fOkpiFdfQAyK6EOETYI0EAvsAHUj4D0uYQXIgp7Wsh-yACZXueCU3Udca_hQVUeXdQUL0dFLf5K1vsYEtpMkNrN6lA5hgQsXv4kDB_9IRVjuNtt4k4B1meHFXhfYMgeoNzJXiBOMqexg3v_UlWMI4mEOAp-qCpEIITQvCvu4Sjea6GE6Iox96irYDr7gHufUlNog1dPBZ9mJsyGA8gGyVjhp-ZwABGC6B-C1sVNqiZpDmD4YtNHd1cS1XFcy8G6d9PNTDsVrR51h4GgX8JXvxN4zZ984QD1UbQK0vifEXRFppTXXIJDD6OfO3c0LQi0lMbM0eVoWhQcoqHTG8qOoi2XVIcM5z0XUzamnkMq526RCNZPrLwNfOGpgsqVJ5AYyI_oYqnj5ee0kcBOLH3ATDKfy_2IYKKVSw3nOhbHNOuMY9kej5mwbjEQ2jX3r1cbsLnvTSwiM1LkS4QfTYT70MyBUbgNXB7U4UUxS25UQwl8pedJqaXNXwHYqMzqQdjMPy62ct3BOnfo4N3_3KvMWDOLnUVpEGNP9AbEIZTof1BjliMgxqPVg9PXDe2tFRKBACVSkxZCmHJSHv7yobC&p=2&fvj=1&vjs=3
Lidl,Jobiste magasins (h/f) - Foetz,Vous cherchez un job étudiant agréable avec beaucoup de variation?Vous aimez le contact avec les clients?Lidl garantit l’amabilité envers ses clients et des…,Mondercange,il y a 14 jours,True,/pagead/clk?mo=r&ad=-6NYlbfkN0BwChchxIFvl0IIcBiuzUzcfBlmP5y6UlopYSIg_MGjMIzNzC1rOnmJR51umFe7Y8rO7zY2lBESQQ4jl7URIvvI5RrvgyerpakWLYDM8yDnX7LoAkgkCd8wKJliXBMZ19MnGsrOvBHBL-rYoaTHhaFHgGMrKdj46jRNyeDz7RW_8fcn4tuMbbk5eLcPkBqnNezha0KhEjaYvgofSApFMn0wwa8gGNFuAvA70DXwyIeW9zuunOZv7lPawGQAObZihzXuN2jDAroqwZJlypS-eHjVtoJJDG7eMGMksV40dUtqidzMGZiKKTfX-8IF4JwCoDGHUWgArSFKovGO9NV3dyl3rE8GQWswdSbxXsc8X8_wmFi0perYgfYb6WFbWrLbWVN3NuJ4SJbsD8u_aWczvmwByYQW67GXK4rK68Jtd--29VvnIS-VzQU7-SvBn9dInnuABuUgt0YYYQhDE1QdzdRMnBYNr8FvVFHYTSBbo4Rrb9Eel6S1kz_un1u0IwURMfvfbh9JXG3HbQsjMnh8lcAsNGWe0pjrj8OQwOKeWesCVlxSmIfBu1chdVx-OXXwPGFFxeOYxlVANZEcfgn21YfqeCb3T3sH5aak0mPzFoHu9LVRRVCJxf3cbz8dewPr736ao9gdd08HifWt7mrujB7Hw13BtwBADT9279vPRDn-NQU9llLxJRSu1iGV-19oB2riCcjHUhMxBLCfyT58cZNp7H1tL8Ue6YdCEljDAjJaCA==&p=3&fvj=0&vjs=3
EYESEN INTERIM,CARRELEURS (H/F),"L'agence EYESEN INTERIM recrute pour un de ses clients, entreprise spécialisée en constuction située au Luxembourg, des :3 à 5 d’expérience dans le domaine.",notfound,il y a 1 jour,False,/company/EYESEN-INTERIM/jobs/Carreleurs-d70170fa8981c5ad?fccid=891bc3586b0b87a3&vjs=3
EYESEN INTERIM,SERRURIERS (H/F),"L'agence EYESEN INTERIM recrute pour un de ses clients, entreprise spécialisée en chaudronnerie, située au Luxembourg , des :5, Rue Geespelt, L3378 - Livange*.",notfound,il y a 1 jour,False,/company/EYESEN-INTERIM/jobs/Serruriers-9013bb40327dc421?fccid=891bc3586b0b87a3&vjs=3
EYESEN INTERIM,MENUISIERS (H/F),"L'agence Eyesen Interim recrute pour un de ses clients spécialisé dans la menuiserie intérieure & extérieure :5, Rue Geespelt - L3378 - Livange.",notfound,il y a 1 jour,False,/company/EYESEN-INTERIM/jobs/Menuisiers-6a55dd035b73585c?fccid=891bc3586b0b87a3&vjs=3
So Media Sarls,Stage - Content Creator,"Vous êtes un(e) créatif/ve né(e) ? vous aimez raconter des histoires à l'aide d'images, de vidéos, de sons et de textes?. (très) Attentif/ve aux détails.",notfound,il y a 2 jours,False,/company/So-Media-Sarls/jobs/Stage-6519167f6caeaa6a?fccid=b2cc70cee514b0e5&vjs=3
Staff,CHARGE RELATION MIDDLE OFFICE PRIVATE BANKING,Le/la Chargé(e) de Relation Middle-Office participe au fonctionnement optimal du service dans le traitement des opérations et dans la qualité du service clients…,notfound,il y a 3 jours,False,/rc/clk?jk=c588d5cab10f48f8&fccid=dd616958bd9ddc12&vjs=3
ASAAG,Mécanicien confirmé auto/moto,"Une première expérience au sein d'une concession ou d'un garage automobile de 5 années minimum.Nous recherchons pour l'un de nos clients, le garage AUTO CAT…",notfound,il y a 3 jours,False,/rc/clk?jk=58bbe43377610c0c&fccid=477534b03b271bfc&vjs=3
Marques Confort,Monteurs et aides monteurs,"Dynamiques et ouvert d’esprit.Motivé ? Envoyer un CV à l’adresse mail suivante, info@marquesconfort.lu ou passer au bureau remettre votre CV.",notfound,il y a 4 jours,False,/rc/clk?jk=4b4c2eb41412f33e&fccid=2939b00ba122eed2&vjs=3
emb électricité,Electriciens qualifiés m/f,Titulaire du CATP et capable de réaliser des installations et des réparations d'appareils électriques d'une façon autonome.Expérience minimum de 5 ans.,notfound,il y a 4 jours,False,/rc/clk?jk=a4546e738fece39b&fccid=70702bc7a66a76de&vjs=3
emb électricité,Techniciens en courant faible m/f,"Vous prenez en charge les missions de maintenance de nos installations, gérez les dépannages plus ou moins complexes et vous êtes garant de leur bonne…",notfound,il y a 4 jours,False,/rc/clk?jk=f0876c555c7348f2&fccid=70702bc7a66a76de&vjs=3
Foyer,Online Sales Assistant Internship (m/f),"Since its foundation, FOYER has become Luxembourg's primary insurance provider thanks to its unerring ability to listen and respond to its customers' needs.",notfound,il y a 4 jours,False,/rc/clk?jk=32ce31b85ec83afb&fccid=cc4567f5f98d6c7c&vjs=3
European Investment Bank,Head of Data Governance Unit,The unit is responsible for the policies and procedures in the domain of data governance: 1) data quality management; 2) business glossary and metadata…,Luxembourg,il y a 15 jours,True,/pagead/clk?mo=r&ad=-6NYlbfkN0CC0A5x5g5_TQfmtzgnBY2xgu_zulWeIlTtfn41nOY8lEP9YxjDU6X9uf7MxH4PBXEy24w8v9fgjd9l0L-cbdiUTYhT18ADLg0X3eRnfcj3IWNiEP0e4pKgFSYeQCp6P_NJCBu6vaeMJhUV7Xx0gMAsGtssdXEawsSfxSErQ4Kk2PYPGWSAnxJPzKZLYX6ynmRwrOz-1b7sylFypcJm7NPOV5phRXQJpJfql2Qc-3hI6TObeUtPZcpkcf7p4Xqs3gmms3DfQi5KRYtWVupSaNk_Ic1SzAn_iTspRg3uNz1f6Y_q9NeMWfBvXVCqAMwFASBPVkwghBZN6-WRUkQHJhZyb37lnj3oXiaTnOLUStILyV7CJDxwxWnnNKOYKAi3SgvYJN63oHXmhI1IZSd4Ypz3idXa0FP-YSBVT98hJrQWXODEqTDXCPZa4p4EXdKrZmQtjSRKLnlMFfsnPrOZXLDP0alaGly3zGIGPeuDVG5G57nGj_QHrM6zyNa3WA8Wo5AeoL_yrnsGXg==&p=14&fvj=0&vjs=3
XL REAL ESTATE,Commercial en immobilier / Agent immobilier,Vous avez un profil commercial et vous aimez les challenges?Le secteur de l’Immobilier vous motive?Vous êtes autonome et avez l’esprit entrepreneur?,Bettembourg,il y a 5 jours,True,/pagead/clk?mo=r&ad=-6NYlbfkN0ABBmBO-uCKMA27SR0Bhlk6nDiHjccy699n5ypODk9_rCDsNonnwLcTxkzVSCUP5gnGY515zyjxxyoR4HH1RnauvWFxYO_wk7UHCNLQQLtx0fAWo0X61UzueUu0aIofjz2c75gDCdMnmD8iqK0uTby3WUWGb4DpgH2J-yZ2r0LK1BotMmtiFbKeuSogSjZIOGPIPABRde_UIKOrVW_FqhsMvSI18IkqvR8nZJXWQ8TxQwi3uexO_urZuhDw3aEF4U2hu9lb1A7OS0vc13quLA4qTnJzMPTfwSmDuOGnNv0r-LH1JHnNKu0gkAJf7rLe2R1I88wDVVq6JdP1kSMP1pW-UwsSeJgFFWQ-FSG5oJFA7w0PzpBhIMc_4DdQvXrh2TCGWTBMOEN4sndxfvNBCkh_uYujdkJS-c_JVLUjpyQXmKFCCcYdcRovUETn5keqzcn3KjRqtsHcfXYtD6X-h1_0oEr2_hls4Pw=&p=15&fvj=1&vjs=3
kit et colle,Commercial Freelance,Retournez à l'école avec le sourire !*.Depuis 18 ans nous créons avec bonheur des maquettes en carton pour les écoliers (www.kitetcolle.com ).,Luxembourg,il y a 27 jours,True,/pagead/clk?mo=r&ad=-6NYlbfkN0B3IFvevqE3fz66W9I1sHGUWMeTTXq6ECuMNX8AyqDMDD57aCA5dBJIp5mtYA4yXTCVr4jNe2TFs6DTsma4eYtBON1NFM7qhwILEQ8GhkSvFcDSLDULo4tl5sOOw7OLynLCkmAMle9XVg-B07UjHre6rMDR9IhEmK2gJA5aiWCFqNjb2txS4QK5t6F6TCoD_kTU1co8BL1bU2ZCT8OBp1f_tpCPvPa1G0SUsHf_he8fX1BAhl6HZx-mzbWVSdozbg-TAX4I6xOg7zJNSjSaZf-NO0ykbFoYxhCpCcV41qY0OabscxtPX1_OBBSu2Sdb9em3YjvW8S6H9WBa43fmjzlfbFPUP3HWjfRvKAOsxjAfHwNvqyg17Tnwr1dBi-XcJrh5GDERnQyYvxjmR77oYgVUBIglwTc9styOH55R8xoSo0DYrmOau3gPYPLe_0Y5HNs=&p=16&fvj=1&vjs=3
entreprise,poste,desc,lieu,depuis,sponso,url
Burger King,Crew,"Vous participez activement au bon déroulement du restaurant.En tant qu’équipier polyvalent, vous réalisez les divers défis en cuisine, en caisse et en salle.",Foetz,il y a 10 jours,True,/pagead/clk?mo=r&ad=-6NYlbfkN0AfmiaNoKdgZeIORxd6_82FZ6a_cKcdLYVlGIs7Hwg3DRM4CzSbX5i8gNlF1LJMp20PrrUSXs1K4IbtCGvgeRVqdkhU562owdDBlCK1WBi08vHn38RkKN6sN_9idibK4UHLVcNM2fnieLQE7O-WhTdxt73goNjtVuC33SF_l8F_Pj3UeYHaf7w91mkY-YalRlQuroG91Or_yVODZEeL4xuRVTAesbw-p5tnYN1AbimYh_x2M7jlr8i7_kw6743uxG-jAMmrIi_7MAIm_TeqhMaxy9QYF0rBkygReG8_zIJ53Vmakg45QPjxoQhacHMEGxNxAvUqrnPneuca3vxrY7KupzUpGSDPNJ2KkFZO6NDLSreluJVwoOzbvqpBNoCeBERDf5_h_xWyg_Am_n83hmoumf00DI4_ZiB8Ez-xB_tMtSVwGHMOfwEN&p=0&fvj=1&vjs=3
Quick,Shiftleader,Vous avez de préférence une première expérience professionnelle dans la restauration.C’est tout ce qui fait la force de son identité et ce qui lui a permis de…,Esch-sur-Alzette,il y a 10 jours,True,/pagead/clk?mo=r&ad=-6NYlbfkN0AfmiaNoKdgZeIORxd6_82FZ6a_cKcdLYVlGIs7Hwg3DRM4CzSbX5i8gNlF1LJMp20PrrUSXs1K4ONLVD7teeP_L5ohBSuLCMqPP8EmkUciJbJv8h6p69HCsg96rwC8YVZuKa9fVq2awypYhcfGQLQvpJwzMNCxjN5JT9goAYslkNMmhzpS2Ofs9GRYJDm0QE1s1JrYhxRZ236JKsrD89pVJErbRx-rm0-bTf_ztUcjnGgLvsGHFzEfYObMrYTPdvIIROubJ-aZcow40LfghdeHgNe7KaW13_y-SoPDpUWDbbZUiITWC4yA5EkdURjYk6IL1Son1NBGwe6ucKDMlkBBSg7YUxLa27LGpUfgML2MXuDZWIZchpn8kjHNJW7kUL3V-j7EvuSfgl6rXDJVG4VynP0R68wcIXp0-3jutrAOIRvn6y_4puyTHg7kKAKugsA=&p=1&fvj=1&vjs=3
bofrost*,Vendeur - Chauffeur,"En tant que vendeur-conseil, vous rendez visite à vos clients toutes les deux semaines au volant de.Grande importance au développement d’une relation de…",Foetz,il y a 11 jours,True,/pagead/clk?mo=r&ad=-6NYlbfkN0A665qc6HXQmW5zxVuqp4j9W9I_VUd1My6Lj_fOkpiFdfQAyK6EOETYI0EAvsAHUj4D0uYQXIgp7Wsh-yACZXueCU3Udca_hQVUeXdQUL0dFLf5K1vsYEtpMkNrN6lA5hgQsXv4kDB_9IRVjuNtt4k4B1meHFXhfYMgeoNzJXiBOMqexg3v_UlW_YYwP0uS8SqyLTT5MnIeCknCcuEHn2EeBbKca8xHr0-zlkAikzcUC6XF-9tgXUs9ulLHzl9x6k6wagT-rF-ADD7ekRwM-WjJw4meozzatFUt0MYoPbGX4AX-DRiSPhrmydrCjaSDhQ6VMQBS4Ou2mbQ-3tX39xE32maU2fbemHMdp6HvC2qci0B2I_80fAujHUMydWOWzi8ElLadKbQdcyRcOascLnhQVBUmDLUPHWmT8LAyuvey46Fcne_2KGegj2pD2zDQHsJNeSF3zar3O2bYYr-HEQ97y6o_GJPlZsLvNZaQMYvB-qQRjeH00krZKrhKO7RLkXaQ4MNmLU0aZQisqHePNiPiAzJmontlhfG1X_10ZolDuCoXpNSlDm7OtqtI-WPvvdZfK5hcIL6k6WubDigyc82Wb41XhoipqVLP2Pjejf7Tg7YnpyQrHv_2&p=2&fvj=1&vjs=3
Lidl,Jobiste magasins (h/f) - Foetz,Vous cherchez un job étudiant agréable avec beaucoup de variation?Vous aimez le contact avec les clients?Lidl garantit l’amabilité envers ses clients et des…,Mondercange,il y a 14 jours,True,/pagead/clk?mo=r&ad=-6NYlbfkN0BwChchxIFvl0IIcBiuzUzcfBlmP5y6UlopYSIg_MGjMIzNzC1rOnmJR51umFe7Y8rO7zY2lBESQQ4jl7URIvvI5RrvgyerpakWLYDM8yDnX7LoAkgkCd8wKJliXBMZ19MnGsrOvBHBL-rYoaTHhaFHgGMrKdj46jRNyeDz7RW_8fcn4tuMbbk5eLcPkBqnNezha0KhEjaYvgofSApFMn0wu1rXMm4pJDv1NCdBsWU9OTiUSWW7MOPd-txuZCQaQDk9BbAQyfbKIj3HXCBCJktOUZ11oCi4jhF_cT4KZZdi0vvvltXor6PRGkBFtZtqQvPCBYiouCbNxE0VW9alw9qw0wcai7sTEsQl7tSVO_GUYpj14vAHOyDjVcErxX2Kntmb5oeb03R9Jyj0suzYPZj3CMwe3HnuzSQDC1jfxL9eU60ncObB5eNz3okwpHW6VC-ETsFrsDOEn4-gqbvY66ycRH9TB-UjgQWBKtMnsQM7msd2BMN1u4t0m1QyJ5Uagty5icVOZ1N8UgT1HsdlRMUlawatc-5KGyaa22mgISrE2v1wXI2ZWPQHKYfIantEg-ZcD4xePNZoidqLdqVAsvjFMP39r3tDxpu4ykT91p6tEySCr2fAqLitPGqOcNiOX3MGVk91z7wJNHSUYOJmVBjCQ2vdjS0OjIAjbElwfrQmWpZL6_jKW2drLTX59fqXJVJMmAJAgwx_0Hrx-AzhjSriT70dmlPK2VW4fYNZa8CJ9A==&p=3&fvj=0&vjs=3
EYESEN INTERIM,CARRELEURS (H/F),"L'agence EYESEN INTERIM recrute pour un de ses clients, entreprise spécialisée en constuction située au Luxembourg, des :3 à 5 d’expérience dans le domaine.",notfound,il y a 1 jour,False,/company/EYESEN-INTERIM/jobs/Carreleurs-d70170fa8981c5ad?fccid=891bc3586b0b87a3&vjs=3
EYESEN INTERIM,SERRURIERS (H/F),"Assemblage de pièces mécano - soudées à partir d'un plan ou d’un schéma simple.L'agence EYESEN INTERIM recrute pour un de ses clients, entreprise spécialisée…",notfound,il y a 1 jour,False,/company/EYESEN-INTERIM/jobs/Serruriers-9013bb40327dc421?fccid=891bc3586b0b87a3&vjs=3
EYESEN INTERIM,MENUISIERS (H/F),"L'agence Eyesen Interim recrute pour un de ses clients spécialisé dans la menuiserie intérieure & extérieure :5, Rue Geespelt - L3378 - Livange.",notfound,il y a 1 jour,False,/company/EYESEN-INTERIM/jobs/Menuisiers-6a55dd035b73585c?fccid=891bc3586b0b87a3&vjs=3
So Media Sarls,Stage - Content Creator,"Vous êtes un(e) créatif/ve né(e) ?Vous aimez raconter des histoires à l'aide d'images, de vidéos, de sons et de textes?Aisance avec Adobe Creative Suite.",notfound,il y a 2 jours,False,/company/So-Media-Sarls/jobs/Stage-6519167f6caeaa6a?fccid=b2cc70cee514b0e5&vjs=3
Staff,CHARGE RELATION MIDDLE OFFICE PRIVATE BANKING,Le/la Chargé(e) de Relation Middle-Office participe au fonctionnement optimal du service dans le traitement des opérations et dans la qualité du service clients…,notfound,il y a 3 jours,False,/rc/clk?jk=c588d5cab10f48f8&fccid=dd616958bd9ddc12&vjs=3
ASAAG,Mécanicien confirmé auto/moto,"Une première expérience au sein d'une concession ou d'un garage automobile de 5 années minimum.Nous recherchons pour l'un de nos clients, le garage AUTO CAT…",notfound,il y a 3 jours,False,/rc/clk?jk=58bbe43377610c0c&fccid=477534b03b271bfc&vjs=3
Marques Confort,Monteurs et aides monteurs,"Envoyer un CV à l’adresse mail suivante, info@marquesconfort.lu ou passer au bureau remettre votre CV.",notfound,il y a 4 jours,False,/rc/clk?jk=4b4c2eb41412f33e&fccid=2939b00ba122eed2&vjs=3
emb électricité,Electriciens qualifiés m/f,Titulaire du CATP et capable de réaliser des installations et des réparations d'appareils électriques d'une façon autonome.Expérience minimum de 5 ans.,notfound,il y a 4 jours,False,/rc/clk?jk=a4546e738fece39b&fccid=70702bc7a66a76de&vjs=3
emb électricité,Techniciens en courant faible m/f,"Vous prenez en charge les missions de maintenance de nos installations, gérez les dépannages plus ou moins complexes et vous êtes garant de leur bonne…",notfound,il y a 4 jours,False,/rc/clk?jk=f0876c555c7348f2&fccid=70702bc7a66a76de&vjs=3
Foyer,Online Sales Assistant Internship (m/f),"Bachelor Degree Marketing or Management.Since its foundation, FOYER has become Luxembourg's primary insurance provider thanks to its unerring ability to listen…",notfound,il y a 4 jours,False,/rc/clk?jk=32ce31b85ec83afb&fccid=cc4567f5f98d6c7c&vjs=3
European Investment Bank,Head of Data Governance Unit,"Working together with business directorates (mainly Data stewards, Business Analysts but also middle management) and technology partners (IT, Data Warehousing…",Luxembourg,il y a 15 jours,True,/pagead/clk?mo=r&ad=-6NYlbfkN0CC0A5x5g5_TQfmtzgnBY2xgu_zulWeIlTtfn41nOY8lEP9YxjDU6X9uf7MxH4PBXEy24w8v9fgjd9l0L-cbdiUTYhT18ADLg0X3eRnfcj3IWNiEP0e4pKgFSYeQCp6P_NJCBu6vaeMJhUV7Xx0gMAsGtssdXEawsQIgL2K8sQxHuiMSqSL6oKIRPWDiYE_CWCkXGaI70kJJHBPoStyilQrPlL23xj4KHcDR0ozqLZJHYC03wJJcynAaHrX5peD3s5LahdXICpmTcjNlSYZqZ287TiaOOqdh91P2N9P7OJ150-1YBwzShJ1JvT5SATKIZ_yLw9vCq-p_BaAt2aXUSIMgzLHiLcklgsRKCXGFDU_HFlWsQ2swTHCdR6_rtNXpbZfsDtbGC6_nh18xn6-QjLi77ymooroMrHOsdCP0rcC7pV1Q0I298IBEZcTVApNpHTG_SZstl7zxRYiKQdX4vcs8gr2d56SVOanu_dWQ_Nr0W23HuBEUuL01FdfkOSZs7x2u1r-38-rpg==&p=14&fvj=0&vjs=3
XL REAL ESTATE,Commercial en immobilier / Agent immobilier,Profitez d’un système de rémunération attractif avec un commissionnement évolutif en fonction du chiffre d'affaire réalisé dans l'année.,Bettembourg,il y a 5 jours,True,/pagead/clk?mo=r&ad=-6NYlbfkN0ABBmBO-uCKMA27SR0Bhlk6nDiHjccy699n5ypODk9_rCDsNonnwLcTxkzVSCUP5gnGY515zyjxxyoR4HH1RnauvWFxYO_wk7UHCNLQQLtx0fAWo0X61UzueUu0aIofjz2c75gDCdMnmD8iqK0uTby3WUWGb4DpgH2J-yZ2r0LK1BotMmtiFbKenLslESHm1EdCYFrRIKmfkQ4evJO8DKBj6i86QpU0dZd5Sk-rEFu3KgN3mWrq1ArDmB-8AImjHtrTatpL-UkY88iUGXHuCgkDgcuqSm0Q_eQ2qrLFrjei4DwzgoAPKKPNuwyiuj9xhbPZX1wRfHpOEoiqpF3rMikGhKkFH7GJIOLBgBdxnj8N2Fg0zdMMU8_4cQQHSgh9C8U_JjPTcHJw-jjKvdrqMiZBg_e8Hi53yuOkWJEWBucyRbhsEVGW85lyOL_2MFqOVfPracCVZNr1Zkg3d_Gj8YHYmG_Jf5FNOuk=&p=15&fvj=1&vjs=3
kit et colle,Commercial Freelance,Retournez à l'école avec le sourire !*.Depuis 18 ans nous créons avec bonheur des maquettes en carton pour les écoliers (www.kitetcolle.com ).,Luxembourg,il y a 27 jours,True,/pagead/clk?mo=r&ad=-6NYlbfkN0B3IFvevqE3fz66W9I1sHGUWMeTTXq6ECuMNX8AyqDMDD57aCA5dBJIp5mtYA4yXTCVr4jNe2TFs6DTsma4eYtBON1NFM7qhwILEQ8GhkSvFcDSLDULo4tl5sOOw7OLynLCkmAMle9XVg-B07UjHre6rMDR9IhEmK2gJA5aiWCFqNjb2txS4QK5pYlUnf4ybwj19-jtNlP_HrJ9b5SB6Y8TVyxcjCDiN6P9qs9RjQ5GXuFoBzzuWN53TXqbDY4mQkKNpjL6Xs-2xKjSHHwV8wpWCA4En97t4Lcgl-BdT2BUeczOQjWysiHo_dhLQaJPxAMWP7U6t2-GHOL12_hvQ4k-AJCl2sqdb8jpHuosDmRTLgPuUlje5ZkkCHP7fsqZE7xXxlpvRofLJLifFPZWTmkglZR4R6zVLulQD0DG_4suUeA8nXUQixITbpIdQu-Y1lE=&p=16&fvj=1&vjs=3
entreprise,poste,desc,lieu,depuis,sponso,url
Burger King,Crew,"Vous participez activement au bon déroulement du restaurant.En tant qu’équipier polyvalent, vous réalisez les divers défis en cuisine, en caisse et en salle.",Foetz,il y a 10 jours,True,/pagead/clk?mo=r&ad=-6NYlbfkN0AfmiaNoKdgZeIORxd6_82FZ6a_cKcdLYVlGIs7Hwg3DRM4CzSbX5i8gNlF1LJMp20PrrUSXs1K4IbtCGvgeRVqdkhU562owdDBlCK1WBi08vHn38RkKN6sN_9idibK4UHLVcNM2fnieLQE7O-WhTdxt73goNjtVuC33SF_l8F_Pj3UeYHaf7w9nqmFI4ou0SwgzTGZkCzvZV9e89yCeiGBwp0yCVX8KK5YQUp0IIisHHIGWJ3faaIr3KVOiyw7QJG__7u4FiVC8VN1fxFSip46-bQqm1Odfoa_ZV1BFYDuzcuI8Obw9vgsAyHBnzk6zjsxi1qbIrfKRjobh4dB-iEGutshG8yJNrzdbk2vYLRgvGXl0J1M_fo5j8DFwlZI9AN71ZJ8pCfzQPx2dIjOYrasPcljw7kkVRixQBsxq8194fTABlG5-jXn&p=0&fvj=1&vjs=3
Quick,Shiftleader,Vous avez de préférence une première expérience professionnelle dans la restauration.C’est tout ce qui fait la force de son identité et ce qui lui a permis de…,Esch-sur-Alzette,il y a 10 jours,True,/pagead/clk?mo=r&ad=-6NYlbfkN0AfmiaNoKdgZeIORxd6_82FZ6a_cKcdLYVlGIs7Hwg3DRM4CzSbX5i8gNlF1LJMp20PrrUSXs1K4ONLVD7teeP_L5ohBSuLCMqPP8EmkUciJbJv8h6p69HCsg96rwC8YVZuKa9fVq2awypYhcfGQLQvpJwzMNCxjN5JT9goAYslkNMmhzpS2Ofs8gU0q_0_-6IJ1mw9Ow4qu9wr0OBYkP8eI3mkDadeWJ6ZFjrshOlnBR7hvvpRFloM0KaovgSNc4gW194D6Q-VmwuYdE6ymhRv8W1EgPHeFES4QXYu3BqZYLWqFYoiyj-iWwXW_7arYRKe4f0BoRMXy20FElFHUhdSRNt0uJh14WAVnUXO81XffDPhUEfHYXeQ8nLqqESFgTsfIA4qAx1IERsnx_e7gfBjjJ3teTq3OlQhHdHYBRQja1l387AsbAt-asPhsvkkDAU=&p=1&fvj=1&vjs=3
bofrost*,Vendeur - Chauffeur,"En tant que vendeur-conseil, vous rendez visite à vos clients toutes les deux semaines au volant de.Grande importance au développement d’une relation de…",Foetz,il y a 11 jours,True,/pagead/clk?mo=r&ad=-6NYlbfkN0A665qc6HXQmW5zxVuqp4j9W9I_VUd1My6Lj_fOkpiFdfQAyK6EOETYI0EAvsAHUj4D0uYQXIgp7Wsh-yACZXueCU3Udca_hQVUeXdQUL0dFLf5K1vsYEtpMkNrN6lA5hgQsXv4kDB_9IRVjuNtt4k4B1meHFXhfYMgeoNzJXiBOMqexg3v_UlWupIsKvNGh5OEILK0hfzwIMD5lvwW8CuB33CxQzRqOhL1i2ZMXPl8kHyRfzU5xQFNjnWRdcJPbeyHntFSGx1HGYCosgAksi5ic0bnOHBDiLA-NlbdvuBC_BFib-V_wGv-vRTbybkyjyfKE3f0a9Dxf0R0AhD1ey77tFnklNN4IjQRb7jZmTthWYPre9CQHRATotdKfhxqv_v1iR-ChmqRtVNih4KuPVzeYI3kw19gtXVe-rVygOtgs_N9mx8E1Qs9ZNcLakRi7cSS8HwnaoBRPjT-M-GahKxlBDFKJXz7TwjxQALa97LMqyXp9RJQ0TyQ97vp4n5DXMhr6kr8tQdE7BmcFluTBpaDF0tjbQPA2NvgAEpJHnOwihR-EyIvkNLgOWxshqEjW0RDCQBg6f3iqs5IqOKNHRqgDyQitaJMig3tlkIhXzG6tZRgEHULx0OK&p=2&fvj=1&vjs=3
Lidl,Jobiste magasins (h/f) - Foetz,Vous cherchez un job étudiant agréable avec beaucoup de variation?Vous aimez le contact avec les clients?Lidl garantit l’amabilité envers ses clients et des…,Mondercange,il y a 14 jours,True,/pagead/clk?mo=r&ad=-6NYlbfkN0BwChchxIFvl0IIcBiuzUzcfBlmP5y6UlopYSIg_MGjMIzNzC1rOnmJR51umFe7Y8rO7zY2lBESQQ4jl7URIvvI5RrvgyerpakWLYDM8yDnX7LoAkgkCd8wKJliXBMZ19MnGsrOvBHBL-rYoaTHhaFHgGMrKdj46jRNyeDz7RW_8fcn4tuMbbk5eLcPkBqnNezha0KhEjaYvgofSApFMn0wNl3D-c-FVRoD4iHlTesan05UQr4ZER_ws_RqUCVI_FJOyTiF4sO_rsKpVcocU-CQZqaUn-ZH9iMRjDiGEPN4KrALwb1qVb2yZiCJyORMwRTllI72zTwZkel9MG5PXGA8Zbp_RFQfy-wwj7LbayzUWhs2DzntGiPL0NKanW-zipbaustOjrbaIKSRwRM_f6nk7Zr_quUQdVkwN5BnmdeWm6L-b0bzp3_duldvSUoEBENcLGAQR27Ly2Et_7eS-REQYrWoTMB7Eod-Gf9mb8ACNZgbFWV8gIkqZ1KQR87BVCqxEwq3bQnGn5bci0JBlh9BlSNM3EAnCV5sJseFTzgQX22bjQZRVgAls1xZriwR0s1rG9ExwCEvzB7_LYBQRNGOOH8DjEece_oFYfJBYfnBEX1GrQqFxfVhiKX8syLxnm79u6xjfrKWP9IfflqK4PAUlqH6A3K9NvCxBsvbqJKcEZwBsIvHIWc6xUZaamTJ479xAzEIdTshQhbiZ0aI8VakW-tqFR7tYYSFjPXGXL2aiw==&p=3&fvj=0&vjs=3
EYESEN INTERIM,CARRELEURS (H/F),"L'agence EYESEN INTERIM recrute pour un de ses clients, entreprise spécialisée en constuction située au Luxembourg, des :3 à 5 d’expérience dans le domaine.",notfound,il y a 1 jour,False,/company/EYESEN-INTERIM/jobs/Carreleurs-d70170fa8981c5ad?fccid=891bc3586b0b87a3&vjs=3
EYESEN INTERIM,SERRURIERS (H/F),"Assemblage de pièces mécano - soudées à partir d'un plan ou d’un schéma simple.L'agence EYESEN INTERIM recrute pour un de ses clients, entreprise spécialisée…",notfound,il y a 1 jour,False,/company/EYESEN-INTERIM/jobs/Serruriers-9013bb40327dc421?fccid=891bc3586b0b87a3&vjs=3
EYESEN INTERIM,MENUISIERS (H/F),"L'agence Eyesen Interim recrute pour un de ses clients spécialisé dans la menuiserie intérieure & extérieure :5, Rue Geespelt - L3378 - Livange.",notfound,il y a 1 jour,False,/company/EYESEN-INTERIM/jobs/Menuisiers-6a55dd035b73585c?fccid=891bc3586b0b87a3&vjs=3
So Media Sarls,Stage - Content Creator,"Vous êtes un(e) créatif/ve né(e) ?Vous aimez raconter des histoires à l'aide d'images, de vidéos, de sons et de textes?Aisance avec Adobe Creative Suite.",notfound,il y a 2 jours,False,/company/So-Media-Sarls/jobs/Stage-6519167f6caeaa6a?fccid=b2cc70cee514b0e5&vjs=3
Staff,CHARGE RELATION MIDDLE OFFICE PRIVATE BANKING,Le/la Chargé(e) de Relation Middle-Office participe au fonctionnement optimal du service dans le traitement des opérations et dans la qualité du service clients…,notfound,il y a 3 jours,False,/rc/clk?jk=c588d5cab10f48f8&fccid=dd616958bd9ddc12&vjs=3
ASAAG,Mécanicien confirmé auto/moto,"Une première expérience au sein d'une concession ou d'un garage automobile de 5 années minimum.Nous recherchons pour l'un de nos clients, le garage AUTO CAT…",notfound,il y a 3 jours,False,/rc/clk?jk=58bbe43377610c0c&fccid=477534b03b271bfc&vjs=3
Marques Confort,Monteurs et aides monteurs,"Envoyer un CV à l’adresse mail suivante, info@marquesconfort.lu ou passer au bureau remettre votre CV.",notfound,il y a 4 jours,False,/rc/clk?jk=4b4c2eb41412f33e&fccid=2939b00ba122eed2&vjs=3
emb électricité,Electriciens qualifiés m/f,Titulaire du CATP et capable de réaliser des installations et des réparations d'appareils électriques d'une façon autonome.Expérience minimum de 5 ans.,notfound,il y a 4 jours,False,/rc/clk?jk=a4546e738fece39b&fccid=70702bc7a66a76de&vjs=3
emb électricité,Techniciens en courant faible m/f,"Vous prenez en charge les missions de maintenance de nos installations, gérez les dépannages plus ou moins complexes et vous êtes garant de leur bonne…",notfound,il y a 4 jours,False,/rc/clk?jk=f0876c555c7348f2&fccid=70702bc7a66a76de&vjs=3
Foyer,Online Sales Assistant Internship (m/f),"Bachelor Degree Marketing or Management.Since its foundation, FOYER has become Luxembourg's primary insurance provider thanks to its unerring ability to listen…",notfound,il y a 4 jours,False,/rc/clk?jk=32ce31b85ec83afb&fccid=cc4567f5f98d6c7c&vjs=3
European Investment Bank,Head of Data Governance Unit,"Working together with business directorates (mainly Data stewards, Business Analysts but also middle management) and technology partners (IT, Data Warehousing…",Luxembourg,il y a 15 jours,True,/pagead/clk?mo=r&ad=-6NYlbfkN0CC0A5x5g5_TQfmtzgnBY2xgu_zulWeIlTtfn41nOY8lEP9YxjDU6X9uf7MxH4PBXEy24w8v9fgjd9l0L-cbdiUTYhT18ADLg0X3eRnfcj3IWNiEP0e4pKgFSYeQCp6P_NJCBu6vaeMJhUV7Xx0gMAsGtssdXEawsR5ODdZplPSpuIuWI-E97vh50I8RRp9tieO4wEpSzu_zzS2SeBS4QV-cMYZoOtJMDg4oZlDOQf57vTd9CEn7xkiAuzpuFOUx0y0STgUTtdH7Z1i0wanQRji6Rll514gxtZL6xKHCjKxpsVrDRqEiYJr0HTc938mjrUISwaiDjkM54IIqz1P20MjcCtF8q3_S4A497QeZMc2ySk5ZWDTHR7Jx0z4ZTB-hKmY8UkK6Vm98Q5bq1pWj8L0puBYg9h5cayjzIjLHBNuZ2zc5C4zOQcGu0rxid5HLLyADBca6Qymkqs_zmkoLVFPGYsU321XxzPPXHTxxVWBRcX83NQLiHZrq6zeRr-N8y-n5MvGqonFMA==&p=14&fvj=0&vjs=3
XL REAL ESTATE,Commercial en immobilier / Agent immobilier,Profitez d’un système de rémunération attractif avec un commissionnement évolutif en fonction du chiffre d'affaire réalisé dans l'année.,Bettembourg,il y a 5 jours,True,/pagead/clk?mo=r&ad=-6NYlbfkN0ABBmBO-uCKMA27SR0Bhlk6nDiHjccy699n5ypODk9_rCDsNonnwLcTxkzVSCUP5gnGY515zyjxxyoR4HH1RnauvWFxYO_wk7UHCNLQQLtx0fAWo0X61UzueUu0aIofjz2c75gDCdMnmD8iqK0uTby3WUWGb4DpgH2J-yZ2r0LK1BotMmtiFbKeaMobMRPDoZyJLwhRGtbAcrCltpS2SPPk_Br2goI2osns2YcO_m0B53O_q3Uf7vk13Lk_MHfPizKRNsG8S2E4GrB0AtpYWJu-isAWqavJaQVh1oaKHlcD9Em3O2nU2CDWhYjQNwbWMNdrE8YE0QKPdbxaLzfWdNE3acH_6C3jM0uVHAYpRlDVZ_kYza79h3X8kOEWCuhPL9yWM525sWKa7G_FkWbX5wo6DWnmn9BjGK6sJaO8TBa-DOF-0QXth0Xg-qiBvVi0NdxsDOIQRBVP3aQo2azy4rifLAnj8XpntJs=&p=15&fvj=1&vjs=3
kit et colle,Commercial Freelance,Retournez à l'école avec le sourire !*.Depuis 18 ans nous créons avec bonheur des maquettes en carton pour les écoliers (www.kitetcolle.com ).,Luxembourg,il y a 27 jours,True,/pagead/clk?mo=r&ad=-6NYlbfkN0B3IFvevqE3fz66W9I1sHGUWMeTTXq6ECuMNX8AyqDMDD57aCA5dBJIp5mtYA4yXTCVr4jNe2TFs6DTsma4eYtBON1NFM7qhwILEQ8GhkSvFcDSLDULo4tl5sOOw7OLynLCkmAMle9XVg-B07UjHre6rMDR9IhEmK2gJA5aiWCFqNjb2txS4QK50PghMMIojpq2PwFDy2fcj-V34dF1-edlF7q272LsxmZjuE8_vJitN8h1nG0eoJJZ60ibeZ6pHOrH2bZK4RXrbHXRkDjX_9T58sghROEIiZE6h2pesRKIt2zfGloiMrd6DyHRQ7OJ7xL6gu0hk5mIe7fymzFCNWUf7dHZwWJX_8uix3ITD6P5jMiHbeM6Af9dd6eylNqZLTXHUNNiByNv5ewhzSC9fItL3utqZYGyI_GPVgscic8yNR264uJt-ER8lZ7_fVUEOx8=&p=16&fvj=1&vjs=3
